Date,Cell,Rheobase Sweep,Genotype,Mouse Age (weeks),Sex,Experiment Notes,Inclusion,Single Pathway Plateau Inclusion,Stimulation Pathways,ESPS Stim Time File Name,Plateau Sweeps,Theta Burst Stim Time File Name,Drugs,Voltage Change,Vm rest/start (mV),Access Resistance (Bridge Balance),Access Resistance (From Whole Cell V-Clamp),Changed Holding Current,Holding Voltage,Slice Solution,Slice Solution Osmolarity,Recovery/Storage Solution,Recording Solution,Recording/Recording Osmolarity,Slice Orientation,Brain Region,Slice Thickness,Recording Temp. (degrees Celcius),Formatted Date,Cell_ID
1042024,c1,12,WT,7,Male,Coarse-FI,Yes: [Coarse-FI],,,,,,,,-63,17.5,,,-65,NMDG,311,ACSF - 4mM Ca; 1mM Mg,ACSF - 2mM Ca; 1mM Mg,301,sagittal,Dorsal CA1,250,35,20240104,20240104_c1
1052024,c1,7,WT,7,Male ,Coarse-FI; LTP attempt 3 stim electrodes- 50 Hz Plateau Stim,Yes: [Coarse-FI],,,,,,10_M Gabazine for LTP,,-65,17.5,,,-65,NMDG,310,ACSF - 4mM Ca; 1mM Mg,ACSF - 2mM Ca; 1mM Mg,303,sagittal,Dorsal CA1,250,35,20240105,20240105_c1
1102024,c1,5,WT,8,Male ,Coarse-FI: LTP attempt 3 stim electrodes - 50Hz Plateau Stim,Yes: [Coarse-FI],,,,,,10_M Gabazine for LTP,,-63,17.5,,,-65,NMDG,309,ACSF - 4mM Ca; 1mM Mg,ACSF - 2mM Ca; 1mM Mg,303,sagittal,Dorsal CA1,250,35,20240110,20240110_c1
1102024,c2,3,WT,8,Male,Coarse-FI,Yes: [Coarse-FI],,,,,,,,-63,17,,,-65,NMDG,309,ACSF - 4mM Ca; 1mM Mg,ACSF - 2mM Ca; 1mM Mg,303,sagittal,Dorsal CA1,250,35,20240110,20240110_c2
1172024,c1,4,WT,9,Female,Coarse-FI,Yes: [Coarse-FI],,,,,,,,-66,14.5,,,-65,NMDG,310,ACSF - 4mM Ca; 1mM Mg,ACSF - 2mM Ca; 1mM Mg,298,sagittal,Dorsal CA1,250,35,20240117,20240117_c1
1172024,c2,4,WT,9,Female,Coarse-FI; LTP attempt 3 stim electrodes - 50Hz Plateau Stim,Yes: [Coarse-FI],,,,,,10_M Gabazine for LTP,,-65,14.4,,,-65,NMDG,310,ACSF - 4mM Ca; 1mM Mg,ACSF - 2mM Ca; 1mM Mg,298,sagittal,Dorsal CA1,250,35,20240117,20240117_c2
1172024,c3,4,WT,9,Female,Coarse-FI,Yes: [Coarse-FI],,,,,,,,-60,14.3,,,-65,NMDG,310,ACSF - 4mM Ca; 1mM Mg,ACSF - 2mM Ca; 1mM Mg,298,sagittal,Dorsal CA1,250,35,20240117,20240117_c3
1192024,c2,31,GNB1,7,Male,Coarse-FI,Yes: [Coarse-FI],,,,,,,,-64,14.6,,,-65,NMDG,309,ACSF - 4mM Ca; 1mM Mg,ACSF - 2mM Ca; 1mM Mg,301,sagittal,Dorsal CA1,250,35,20240119,20240119_c2
1232024,c1,14,GNB1,10,Male ,Course-FI; Plateau; No Holding Current - Can use Vm Rest,Yes: [Coarse-FI],,,,,,10_M Gabazine washed in for Plateau,,-68,15.5,,,-65,NMDG,309,ACSF - 4mM Ca; 1mM Mg,ACSF - 2mM Ca; 1mM Mg,305,sagittal,Dorsal CA1,250,35,20240123,20240123_c1
1252024,c2,13,WT,10,Female,Coarse-FI; No Holding Current - Can use Vm Rest,Yes: [Coarse-FI],,,,,,,,-64,14.3,,,-65,NMDG,311,ACSF - 4mM Ca; 1mM Mg,ACSF - 2mM Ca; 1mM Mg,304,sagittal,Dorsal CA1,250,35,20240125,20240125_c2
1252024,c4,4,WT,10,Female,Coarse-FI,Yes: [Coarse-FI],,,,,,,,-63,12.9,,,-65,NMDG,311,ACSF - 4mM Ca; 1mM Mg,ACSF - 2mM Ca; 1mM Mg,304,sagittal,Dorsal CA1,250,35,20240125,20240125_c4
1252024,c5,4,WT,10,Female,Coarse-FI -; Perforant E/I Up to 25 Gabazine - Schaffer not plugged in ,"Yes: [Coarse-FI, E/I]",,"{channel_1: perforant, channel_2:}",ISI_times_dict_older,,,,,-70,14.3,,,-65,NMDG,311,ACSF - 4mM Ca; 1mM Mg,ACSF - 2mM Ca; 1mM Mg,304,sagittal,Dorsal CA1,250,35,20240125,20240125_c5
1292024,c1,4,GNB1,10,Female,Coarse-FI; Full E/I + plateaus,"Yes: [Coarse-FI, E/I, plateau]",No,"{channel_1: perforant, channel_2: schaffer}",ISI_times_dict_older,{Gabazine: sweep_94},Theta_Burst_MCII_old,10_M Gabazine washed in for E/I + plateaus,,-68,14.5,,,-65,NMDG,310,ACSF - 4mM Ca; 1mM Mg,ACSF - 2mM Ca; 1mM Mg,304,sagittal,Dorsal CA1,250,35,20240129,20240129_c1
1292024,c2,14,GNB1,10,Female,Coarse-FI,Yes: [Coarse-FI],,,,,,,,-63,15.3,,,-65,NMDG,310,ACSF - 4mM Ca; 1mM Mg,ACSF - 2mM Ca; 1mM Mg,304,sagittal,Dorsal CA1,250,35,20240129,20240129_c2
1292024,c3,3,GNB1,10,Female,Coarse-FI,Yes: [Coarse-FI],,,,,,,,-50,15.6,,,-65,NMDG,310,ACSF - 4mM Ca; 1mM Mg,ACSF - 2mM Ca; 1mM Mg,304,sagittal,Dorsal CA1,250,35,20240129,20240129_c3
1302024,c1,5,GNB1,10,Male,Coarse-FI,Yes: [Coarse-FI],,,,,,,,-67,12,,,-65,NMDG,310,ACSF - 4mM Ca; 1mM Mg,ACSF - 2mM Ca; 1mM Mg,299,sagittal,Dorsal CA1,250,35,20240130,20240130_c1
1302024,c3,6,GNB1,10,Male,Coarse-FI; Full E/I + plateaus,"Yes: [Coarse-FI, E/I, plateau]",No,"{channel_1: perforant, channel_2: schaffer}",ISI_times_dict_older,{Gabazine: sweep_83},Theta_Burst_MCII_old,10_M Gabazine washed in for E/I + plateaus,,-70,12,,,-65,NMDG,310,ACSF - 4mM Ca; 1mM Mg,ACSF - 2mM Ca; 1mM Mg,299,sagittal,Dorsal CA1,250,35,20240130,20240130_c3
1302024,c4,6,GNB1,10,Male,Coarse-FI,Yes: [Coarse-FI],,,,,,10_M Gabazine washed in for E/I + plateaus ,,-69,13.3,,,-65,NMDG,310,ACSF - 4mM Ca; 1mM Mg,ACSF - 2mM Ca; 1mM Mg,299,sagittal,Dorsal CA1,250,35,20240130,20240130_c4
1312024,c1,14,GNB1,10,Male,Coarse-FI,Yes: [Coarse-FI],,,,,,,,-70,12,,,-65,NMDG,309,ACSF - 4mM Ca; 1mM Mg,ACSF - 2mM Ca; 1mM Mg,300,sagittal,Dorsal CA1,250,35,20240131,20240131_c1
2012024,c1,3,WT,12,Female,Coarse-FI,Yes: [Coarse-FI],,,,,,,,-67,16.4,,,-65,NMDG,309,ACSF - 4mM Ca; 1mM Mg,ACSF - 2mM Ca; 1mM Mg,297,longitudinal ,Dorsal CA1,250,35,20240201,20240201_c1
2012024,c2,4,WT,12,Female,Coarse-FI; Full E/I + plateaus,"Yes: [Coarse-FI, E/I, plateau]",No,"{channel_1: perforant, channel_2: schaffer}",ISI_times_dict_older,{Gabazine: sweep_78},Theta_Burst_MCII_old,10_M Gabazine washed in for E/I + plateaus,,-70,14.1,,,-65,NMDG,309,ACSF - 4mM Ca; 1mM Mg,ACSF - 2mM Ca; 1mM Mg,297,longitudinal ,Dorsal CA1,250,35,20240201,20240201_c2
2012024,c4,13,WT,12,Female,Coarse-FI; E/I Up to 100 Gabazine,"Yes: [Coarse-FI, E/I] ",,"{channel_1: perforant, channel_2: schaffer}",ISI_times_dict_older,,,10_M Gabazine washed in for E/I + plateaus,,-69,13.3,,,-65,NMDG,309,ACSF - 4mM Ca; 1mM Mg,ACSF - 2mM Ca; 1mM Mg,297,longitudinal ,Dorsal CA1,250,35,20240201,20240201_c4
2022024,c1,3,WT,12,Female,Coarse-FI,Yes: [Coarse-FI],,,,,,,,-59,15,,,-65,NMDG,313,ACSF - 4mM Ca; 1mM Mg,ACSF - 2mM Ca; 1mM Mg,298,longitudinal ,Dorsal CA1,250,35,20240202,20240202_c1
2052024,c1,3,WT,11,Male,Coarse-FI,Yes: [Coarse-FI],,,,,,,,-50,15.7,,,-65,NMDG,308,ACSF - 4mM Ca; 1mM Mg,ACSF - 2mM Ca; 1mM Mg,300,longitudinal ,Dorsal CA1,250,35,20240205,20240205_c1
2092024,c1,5,GNB1,12,Male,Coarse-FI,No,,,,,,,,-72,13.3,,,-65,NMDG,307,ACSF - 4mM Ca; 1mM Mg,ACSF - 2mM Ca; 1mM Mg,296,longitudinal ,Dorsal CA1,250,35,20240209,20240209_c1
2132024,c1,5,GNB1,_,_,_,No,,,,,,,,_,_,,,-65,NMDG,_,ACSF - 4mM Ca; 1mM Mg,ACSF - 2mM Ca; 1mM Mg,_,longitudinal ,Dorsal CA1,250,35,20240213,20240213_c1
2132024,c2,5,GNB1,_,_,_,No,,,,,,,,_,_,,,-65,NMDG,_,ACSF - 4mM Ca; 1mM Mg,ACSF - 2mM Ca; 1mM Mg,_,longitudinal ,Dorsal CA1,250,35,20240213,20240213_c2
2262024,c1,4,GNB1,12,Female,Coarse-FI,Yes: [Coarse-FI],,,,,,,,-65,13.9,,,-65,NMDG,311,ACSF - 4mM Ca; 1mM Mg,ACSF - 2mM Ca; 1mM Mg,300,longitudinal ,Dorsal CA1,250,35,20240226,20240226_c1
3072024,c2,4,WT,6,Male ,Coarse-FI; E/I Up to 50 Control,"Yes: [Coarse-FI, E/I] ",,"{channel_1: perforant, channel_2: schaffer}",ISI_times_dict_older,,,10_M Gabazine washed in for E/I + plateaus,,-67,12.8,,,-65,NMDG,311,ACSF - 4mM Ca; 1mM Mg,ACSF - 2mM Ca; 1mM Mg,300,longitudinal ,Dorsal CA1,250,35,20240307,20240307_c2
3092024,c1,25,WT,_,_,Coarse-FI,No,,,,,,,,_,_,,,-65,NMDG,_,ACSF - 4mM Ca; 1mM Mg,ACSF - 2mM Ca; 1mM Mg,_,longitudinal ,Dorsal CA1,250,35,20240309,20240309_c1
3122024,c1,5,WT,5,Male ,Coarse-FI; Full E/I + plateaus,"Yes: [Coarse-FI, E/I, plateau]",No,"{channel_1: perforant, channel_2: schaffer}",ISI_times_dict_older,{Gabazine: sweep_107},Theta_Burst_MCII_old,10_M Gabazine washed in for E/I + plateaus,,-60,10.4,,,-65,NMDG,313,ACSF - 4mM Ca; 1mM Mg,ACSF - 2mM Ca; 1mM Mg,300,longitudinal ,Dorsal CA1,250,35,20240312,20240312_c1
3142024,c2,4,WT,5,Male,Coarse-FI,Yes: [Coarse-FI],,,,,,,,-65,12,,,-65,NMDG,313,ACSF - 4mM Ca; 1mM Mg,ACSF - 2mM Ca; 1mM Mg,304,longitudinal ,Dorsal CA1,250,35,20240314,20240314_c2
3142024,c3,3,WT,5,Male,Coarse-FI,Yes: [Coarse-FI],,,,,,,,-65,11.5,,,-65,NMDG,313,ACSF - 4mM Ca; 1mM Mg,ACSF - 2mM Ca; 1mM Mg,304,longitudinal ,Dorsal CA1,250,35,20240314,20240314_c3
3152024,c1,6,WT,5,Male,Coarse-FI; E/I Up to 300 Control,"Yes: [Coarse-FI, E/I] ",,"{channel_1: perforant, channel_2: schaffer}",ISI_times_dict_older,,,10_M Gabazine washed in for E/I + plateaus,,-64,14.2,,,-65,NMDG,311,ACSF - 4mM Ca; 1mM Mg,ACSF - 2mM Ca; 1mM Mg,302,longitudinal ,Dorsal CA1,250,35,20240315,20240315_c1
3152024,c2,8,WT,5,Male,Coarse-FI,Yes: [Coarse-FI],,,,,,,,-64,11.4,,,-65,NMDG,311,ACSF - 4mM Ca; 1mM Mg,ACSF - 2mM Ca; 1mM Mg,302,longitudinal ,Dorsal CA1,250,35,20240315,20240315_c2
3192024,c1,5,WT,6,Female,Coarse-FI,Yes: [Coarse-FI],,,,,,,,-65,12.6,,,-65,NMDG,309,ACSF - 4mM Ca; 1mM Mg,ACSF - 2mM Ca; 1mM Mg,306,longitudinal ,Dorsal CA1,250,35,20240319,20240319_c1
3192024,c2,4,WT,6,Female,Coarse-FI,Yes: [Coarse-FI],,,,,,,,-68,14.4,,,-65,NMDG,309,ACSF - 4mM Ca; 1mM Mg,ACSF - 2mM Ca; 1mM Mg,306,longitudinal ,Dorsal CA1,250,35,20240319,20240319_c2
3192024,c3,5,WT,6,Female,Coarse-FI; Full E/I + plateaus,"Yes: [Coarse-FI, E/I, plateau]",No,"{channel_1: perforant, channel_2: schaffer}",ISI_times_dict_older,{Gabazine: sweep_77},Theta_Burst_MCII_old,10_M Gabazine washed in for E/I + plateaus,,-69,12,,,-70,NMDG,309,ACSF - 4mM Ca; 1mM Mg,ACSF - 2mM Ca; 1mM Mg,306,longitudinal ,Dorsal CA1,250,35,20240319,20240319_c3
3262024,c2,4,WT,7,Female,Coarse-FI; Full E/I + plateaus,"Yes: [Coarse-FI, E/I, plateau]",No,"{channel_1: perforant, channel_2: schaffer}",ISI_times_dict_older,{Gabazine: sweep_94},Theta_Burst_MCII_old,10_M Gabazine washed in for E/I + plateaus,,-71,13.7,,,-70,NMDG,312,ACSF - 4mM Ca; 1mM Mg,ACSF - 2mM Ca; 1mM Mg,304,longitudinal ,Dorsal CA1,250,35,20240326,20240326_c2
3292024,c1,6,WT,7,Female,Coarse-FI,Yes: [Coarse-FI],,,,,,,,-69,13.6,,,-70,NMDG,311,ACSF - 4mM Ca; 1mM Mg,ACSF - 2mM Ca; 1mM Mg,305,longitudinal ,Dorsal CA1,300,35,20240329,20240329_c1
3292024,c2,5,WT,7,Female,Coarse-FI; Full E/I + plateaus,"Yes: [Coarse-FI, E/I, plateau]",No,"{channel_1: perforant, channel_2: schaffer}",ISI_times_dict_older,{Gabazine: sweep_83},Theta_Burst_MCII_old,10_M Gabazine washed in for E/I + plateaus,,-65,17.3,,,-70,NMDG,311,ACSF - 4mM Ca; 1mM Mg,ACSF - 2mM Ca; 1mM Mg,305,longitudinal ,Dorsal CA1,300,35,20240329,20240329_c2
3292024,c3,4,WT,7,Female,Coarse-FI; E/I Up to 50 Control,"Yes: [Coarse-FI, E/I] ",,,,,,10_M Gabazine washed in for E/I + plateaus,,-65,15.8,,,-70,NMDG,311,ACSF - 4mM Ca; 1mM Mg,ACSF - 2mM Ca; 1mM Mg,305,longitudinal ,Dorsal CA1,300,35,20240329,20240329_c3
4042024,c1,4,GNB1,5,Female,Coarse-FI,Yes: [Coarse-FI],,,,,,,,-65,15.6,,,-70,NMDG,300,ACSF - 4mM Ca; 1mM Mg,ACSF - 2mM Ca; 1mM Mg,304,longitudinal ,Dorsal CA1,300,35,20240404,20240404_c1
4042024,c2,4,GNB1,5,Female,Coarse-FI; Full E/I + plateaus,"Yes: [Coarse-FI, E/I, plateau]",No,"{channel_1: perforant, channel_2: schaffer}",ISI_times_dict_older,{Gabazine: sweep_85},Theta_Burst_MCII_old,10_M Gabazine washed in for E/I + plateaus,,-68,16.1,,,-70,NMDG,300,ACSF - 4mM Ca; 1mM Mg,ACSF - 2mM Ca; 1mM Mg,304,longitudinal ,Dorsal CA1,300,35,20240404,20240404_c2
4042024,c3,4,GNB1,5,Female,Coarse-FI; Full E/I + plateaus,"Yes: [Coarse-FI, E/I, plateau]",No,"{channel_1: perforant, channel_2: schaffer}",ISI_times_dict_older,{Gabazine: sweep_73} ,Theta_Burst_MCII_old,10_M Gabazine washed in for E/I + plateaus,,-70,16,,,-70,NMDG,300,ACSF - 4mM Ca; 1mM Mg,ACSF - 2mM Ca; 1mM Mg,304,longitudinal ,Dorsal CA1,300,35,20240404,20240404_c3
4232024,c1,21,WT,11,Male ,Coarse-FI; Fine-FI ,"Yes: [Coarse-FI, Fine-FI]",,,,,,,,-52,15.7,,,-70,NMDG,310,ACSF - 4mM Ca; 1mM Mg,ACSF - 2mM Ca; 1mM Mg,305,longitudinal ,Dorsal CA1,300,35,20240423,20240423_c1
4232024,c2,30,WT,11,Male ,Coarse-FI; Fine-FI; Voltage-Sag; E/I Up to 50 Control,"Yes: [Coarse-FI, Fine-FI, Voltage-Sag, E/I]",,"{channel_1: perforant, channel_2: schaffer}",ISI_times_dict_older,,,10_M Gabazine washed in for E/I ,,-70,12,,,-70,NMDG,310,ACSF - 4mM Ca; 1mM Mg,ACSF - 2mM Ca; 1mM Mg,305,longitudinal ,Dorsal CA1,300,35,20240423,20240423_c2
4232024,c3,20,WT,11,Male ,Coarse-FI; Fine-FI; Voltage-Sag; E/I Up to 10 Control,"Yes: [Coarse-FI, Fine-FI, Voltage-Sag, E/I]",,"{channel_1: perforant, channel_2: schaffer}",ISI_times_dict_older,,,10_M Gabazine washed in for E/I ,,-70,13.8,,,-70,NMDG,310,ACSF - 4mM Ca; 1mM Mg,ACSF - 2mM Ca; 1mM Mg,305,longitudinal ,Dorsal CA1,300,35,20240423,20240423_c3
4242024,c1,26,WT,11,Male,Coarse-FI; Fine-FI ,"Yes: [Coarse-FI, Fine-FI]",,,,,,,,-74,12.3,,,-70,NMDG,312,ACSF - 4mM Ca; 1mM Mg,ACSF - 2mM Ca; 1mM Mg,304,longitudinal ,Dorsal CA1,250,35,20240424,20240424_c1
4242024,c2,33,WT,11,Male,Coarse-FI; Fine-FI; Voltage-Sag ,"Yes: [Coarse-FI, Fine-FI, Voltage-Sag] ",,,,,,,,-62,15,,,-70,NMDG,312,ACSF - 4mM Ca; 1mM Mg,ACSF - 2mM Ca; 1mM Mg,304,longitudinal ,Dorsal CA1,250,35,20240424,20240424_c2
4302024,c1,67,WT,12,Female,Course_FI Removed; Fine-FI; Voltage-Sag,No,,,,,,,,-70,17,,,-70,NMDG,309,ACSF - 4mM Ca; 1mM Mg,ACSF - 2mM Ca; 1mM Mg,304,longitudinal ,Dorsal CA1,400,35,20240430,20240430_c1
4302024,c2,40,WT,12,Female,Coarse-FI; Fine-FI; Voltage-Sag ,"Yes: [Coarse-FI, Fine-FI, Voltage-Sag] ",,,,,,,,-50,18.5,,,-70,NMDG,309,ACSF - 4mM Ca; 1mM Mg,ACSF - 2mM Ca; 1mM Mg,304,longitudinal ,Dorsal CA1,400,35,20240430,20240430_c2
5012024,c1,31,WT,12,Female,Coarse-FI; Fine-FI; Voltage-Sag ; E/I Up to 25 Control,"Yes: [Coarse-FI, Fine-FI, Voltage-Sag, E/I]",,"{channel_1: perforant, channel_2: schaffer}",ISI_times_dict_older,,,10_M Gabazine washed in for E/I ,,-60,13.4,,,-70,NMDG,311,ACSF - 4mM Ca; 1mM Mg,ACSF - 2mM Ca; 1mM Mg,304,longitudinal ,Dorsal CA1,250,35,20240501,20240501_c1
5072024,c1,27,GNB1,12,Female,Coarse-FI; Fine-FI; Voltage-Sag ; E/I Up to 100 Control,"Yes: [Coarse-FI, Fine-FI, Voltage-Sag, E/I]",,"{channel_1: perforant, channel_2: schaffer}",ISI_times_dict_older,,,10_M Gabazine washed in for E/I ,,-55,12.2,,,-70,NMDG,305,ACSF - 4mM Ca; 1mM Mg,ACSF - 2mM Ca; 1mM Mg,304,longitudinal ,Dorsal CA1,250,35,20240507,20240507_c1
5092024,c1,40,GNB1,10,Female,Coarse-FI; Fine-FI: Voltage-Sag; Full E/I + Plateaus,"Yes: [Coarse-FI, Fine-FI, Voltage-Sag, E/I, plateau]",No,"{channel_1: perforant, channel_2: schaffer}",ISI_times_dict_older,{Gabazine: sweep_110} ,Theta_Burst_MCII_old,10_M Gabazine washed in for E/I + plateaus,,-70,15.7,,,-70,NMDG,310,ACSF - 4mM Ca; 1mM Mg,ACSF - 2mM Ca; 1mM Mg,304,longitudinal ,Dorsal CA1,250,35,20240509,20240509_c1
5092024,c2,67,GNB1,10,Female,Coarse-FI; Fine-FI ,"Yes: [Coarse-FI, Fine-FI]",,,,,,,,-65,12.1,,,-70,NMDG,310,ACSF - 4mM Ca; 1mM Mg,ACSF - 2mM Ca; 1mM Mg,304,longitudinal ,Dorsal CA1,250,35,20240509,20240509_c2
5092024,c3,97,GNB1,10,Female,Coarse-FI; Fine-FI; Voltage-Sag; E/I Up to 50 Gabazine,"Yes: [Coarse-FI, Fine-FI, Voltage-Sag, E/I]",,"{channel_1: perforant, channel_2: schaffer}",ISI_times_dict_older,,,10_M Gabazine washed in for E/I ,,-64,12.3,,,-70,NMDG,310,ACSF - 4mM Ca; 1mM Mg,ACSF - 2mM Ca; 1mM Mg,304,longitudinal ,Dorsal CA1,250,35,20240509,20240509_c3
5092024,c4,12,GNB1,10,Female,Coarse-FI; Fine-FI; Voltage-Sag ,"Yes: [Coarse-FI, Fine-FI, Voltage-Sag] ",,,,,,,,-50,16,,,-70,NMDG,310,ACSF - 4mM Ca; 1mM Mg,ACSF - 2mM Ca; 1mM Mg,304,longitudinal ,Dorsal CA1,250,35,20240509,20240509_c4
5162024,c1,23,WT,12,Male,Coarse-FI; Fine-FI: Voltage-Sag;Full E/I + Plateaus,"Yes: [Coarse-FI, Fine-FI, Voltage-Sag, E/I, plateau]",No,"{channel_1: perforant, channel_2: schaffer}",ISI_times_dict_older,{Gabazine: sweep_104},Theta_Burst_MCIII_new_variant_2,10_M Gabazine washed in for E/I + plateaus,,-65,17.9,,,-70,NMDG,308,ACSF - 4mM Ca; 1mM Mg,ACSF - 2mM Ca; 1mM Mg,304,longitudinal ,Dorsal CA1,250,35,20240516,20240516_c1
5162024,c2,15,WT,12,Male,Coarse-FI; Fine-FI; Voltage-Sag ,"Yes: [Coarse-FI, Fine-FI, Voltage-Sag] ",,,,,,,,-55,17,,,-70,NMDG,308,ACSF - 4mM Ca; 1mM Mg,ACSF - 2mM Ca; 1mM Mg,304,longitudinal ,Dorsal CA1,250,35,20240516,20240516_c2
5162024,c3,23,WT,12,Male,Coarse-FI; Fine-FI (3 spikes); Voltage-Sag,"Yes: [Coarse-FI, Fine-FI, Voltage-Sag] ",,,,,,,,-60,17,,,-70,NMDG,308,ACSF - 4mM Ca; 1mM Mg,ACSF - 2mM Ca; 1mM Mg,304,longitudinal ,Dorsal CA1,250,35,20240516,20240516_c3
5222024,c1,42,WT,12,Male,Fine-FI: Voltage-Sag; Full E/I + Plateaus,"Yes: [Coarse-FI, Fine-FI, Voltage-Sag, E/I, plateau]",No,"{channel_1: perforant, channel_2: schaffer}",ISI_times_dict_older,{Gabazine: sweep_121},Theta_Burst_MCIII_new_variant_2,10_M Gabazine washed in for E/I + plateaus,,-70,12.4,,,-70,NMDG,308,ACSF - 4mM Ca; 1mM Mg,ACSF - 2mM Ca; 1mM Mg,304,longitudinal ,Dorsal CA1,250,35,20240522,20240522_c1
5302024,c1,82,WT,11,Female,Fine-FI: Voltage-Sag; Full E/I + Plateaus,"Yes: [Coarse-FI, Fine-FI, Voltage-Sag, E/I, plateau]",No,"{channel_1: perforant, channel_2: schaffer}",ISI_times_dict_older,{Gabazine: sweep_153},Theta_Burst_MCIII_new_variant_2,10_M Gabazine washed in for E/I + plateaus,,-60,12.5,,,-70,NMDG,310,ACSF - 4mM Ca; 1mM Mg,ACSF - 2mM Ca; 1mM Mg,304,longitudinal ,Dorsal CA1,250,35,20240530,20240530_c1
5302024,c2,80,WT,11,Female,Coarse-FI; Fine-FI; Voltage-Sag; E/I Up to 25 Control,"Yes: [Coarse-FI, Fine-FI, Voltage-Sag, E/I]",,"{channel_1: perforant, channel_2: schaffer}",ISI_times_dict_older,,,10_M Gabazine washed in for E/I + plateaus,,-67,13,,,-70,NMDG,310,ACSF - 4mM Ca; 1mM Mg,ACSF - 2mM Ca; 1mM Mg,304,longitudinal ,Dorsal CA1,250,35,20240530,20240530_c2
6052024,c1,,WT,8,,BTSP - failed experiment,No,,,,,,2_M Gabazine ,,-60,,,,-70,NMDG,312,ACSF - 4mM Ca; 1mM Mg,ACSF - 2mM Ca; 1mM Mg,304,longitudinal ,Dorsal CA1,250,35,20240605,20240605_c1
6052024,c2,,WT,8,,"BTSP: {baseline: 4-33, After_LTP:39-128, current_inj: 300pA, delay: 0ms, channels: {channel_1:Test Schaffer, channel_2: Control Schaffer}; depression/run-down?; ",Yes: [BTSP 0ms],,,,,,2_M Gabazine ,,-60,,,,-70 to -80,NMDG,312,ACSF - 4mM Ca; 1mM Mg,ACSF - 2mM Ca; 1mM Mg,304,longitudinal ,Dorsal CA1,250,35,20240605,20240605_c2
6122024,c1,,WT,5,Female,BTSP - failed experiment,No,,,,,,2_M Gabazine ,,-40,,,,-70 to -80,NMDG,312,ACSF - 4mM Ca; 1mM Mg,ACSF - 2mM Ca; 1mM Mg,304,longitudinal ,Dorsal CA1,250,35,20240612,20240612_c1
6122024,c4,,WT,5,Female,"BTSP: {baseline: 5-32, After_LTP:38-115, current_inj: 300pA, delay: 0ms, channels: {channel_1:Test Schaffer, channel_2: Control Schaffer}}; depression?",Yes: [BTSP 0ms],,,,,,2_M Gabazine ,,-40,,,,-70 to -80,NMDG,311,ACSF - 4mM Ca; 1mM Mg,ACSF - 2mM Ca; 1mM Mg,304,longitudinal ,Dorsal CA1,250,35,20240612,20240612_c4
6262024,c1,,WT,11,Female,BTSP - failed experiment,No,,,,,,2_M Gabazine ,,-30,,,,-70 to -80,NMDG,312,ACSF - 4mM Ca; 1mM Mg,ACSF - 2mM Ca; 1mM Mg,304,longitudinal ,Dorsal CA1,250,35,20240626,20240626_c1
6262024,c7,,WT,11,Female,"BTSP: {baseline: 10-39, After_LTP:45-77, current_inj: 600pA, delay: 0ms, channels: {channel_1:Test Schaffer, channel_2: Control Schaffer}}; depression?",Yes: [BTSP 0ms],,,,,,2_M Gabazine ,,-60,,,,-70 to -80,NMDG,312,ACSF - 4mM Ca; 1mM Mg,ACSF - 2mM Ca; 1mM Mg,304,longitudinal ,Dorsal CA1,250,35,20240626,20240626_c7
6282024,c1,,WT,11,Female,"BTSP: {baseline: 4-33, After_LTP:39-168, current_inj: 600pA, delay: 0ms, channels: {channel_1:Test Schaffer, channel_2: Control Schaffer}}; Worked?",Yes: [BTSP 0ms],,,,,,2_M Gabazine ,,-73,,,,-70 to -80,Sucrose,310,ACSF - 2mM Ca; 1mM Mg,ACSF - 2mM Ca; 1mM Mg,304,sagittal,Dorsal CA1,250,35,20240628,20240628_c1
6282024,c2,,WT,11,Female,BTSP - failed experiment,No,,,,,,2_M Gabazine ,,-65,,,,-70 to -80,Sucrose,310,ACSF - 2mM Ca; 1mM Mg,ACSF - 2mM Ca; 1mM Mg,304,sagittal,Dorsal CA1,250,35,20240628,20240628_c2
7022024,c1,,WT,7,Male,"BTSP: {baseline: 4-33, After_LTP:39-128, current_inj: 600pA, delay: 0ms, channels: {channel_1:Test Schaffer, channel_2: Control Schaffer}}; Worked?",Yes: [BTSP 0ms],,,,,,2_M Gabazine ,,-73,,,,-70 to -80,Sucrose,312,ACSF - 2mM Ca; 1mM Mg,ACSF - 2mM Ca; 1mM Mg,304,sagittal,Dorsal CA1,250,35,20240702,20240702_c1
7022024,c2,,WT,7,Male,"BTSP: {baseline: 4-33, After_LTP:39-128, current_inj: 300pA, delay: -300ms, channels: {channel_1:Test Schaffer, channel_2: Control Schaffer}}; Worked?",Yes: [BTSP -300ms],,,,,,2_M Gabazine ,,-65,,,,-70 to -80,Sucrose,312,ACSF - 2mM Ca; 1mM Mg,ACSF - 2mM Ca; 1mM Mg,304,sagittal,Dorsal CA1,250,35,20240702,20240702_c2
7022024,c3,,WT,7,Male,BTSP - failed experiment,No,,,,,,2_M Gabazine ,,-53,,,,-70 to -80,Sucrose,312,ACSF - 2mM Ca; 1mM Mg,ACSF - 2mM Ca; 1mM Mg,304,sagittal,Dorsal CA1,250,35,20240702,20240702_c3
7042024,c1,,WT,7,Male,"BTSP: {baseline: 32-61, After_LTP:67-152, current_inj: 300pA, delay: -300ms, channels: {channel_1:Test Schaffer, channel_2: Control Schaffer}}; Worked?",Yes: [BTSP 0ms],,,,,,2_M Gabazine ,,-58,,,,-70 to -80,Sucrose,312,ACSF - 2mM Ca; 1mM Mg,ACSF - 2mM Ca; 1mM Mg,304,sagittal,Dorsal CA1,250,35,20240704,20240704_c1
7042024,c2,,WT,7,Male,"BTSP: {baseline: 7-37, After_LTP:43:, current_inj: 300pA, delay: 0ms, channels: {channel_1:Test Schaffer, channel_2: Control Schaffer}}; Worked?",Yes: [BTSP 0ms],,,,,,2_M Gabazine ,,-58,,,,-70 to -80,Sucrose,312,ACSF - 2mM Ca; 1mM Mg,ACSF - 2mM Ca; 1mM Mg,304,sagittal,Dorsal CA1,250,35,20240704,20240704_c2
7092024,c1,18,WT,8,Male,Coarse-FI; Fine-FI; Voltage-Sag ,"Yes: [Coarse-FI, Fine-FI, Voltage-Sag] ",,,,,,,,-60,,,,-70,Sucrose,310,ACSF - 2mM Ca; 1mM Mg,ACSF - 2mM Ca; 1mM Mg,307,longitudinal ,Dorsal CA1,250,35,20240709,20240709_c1
7092024,c2,55,WT,8,Male,Coarse-FI; Fine-FI; Voltage-Sag ,"Yes: [Coarse-FI, Fine-FI, Voltage-Sag] ",,,,,,,,-70,,,,-70,Sucrose,310,ACSF - 2mM Ca; 1mM Mg,ACSF - 2mM Ca; 1mM Mg,307,longitudinal ,Dorsal CA1,250,35,20240709,20240709_c2
7092024,c3,18,WT,8,Male,Coarse-FI; Fine-FI; Voltage-Sag ,"Yes: [Coarse-FI, Fine-FI, Voltage-Sag] ",,,,,,,,-67,,,,-70,Sucrose,310,ACSF - 2mM Ca; 1mM Mg,ACSF - 2mM Ca; 1mM Mg,307,longitudinal ,Dorsal CA1,250,35,20240709,20240709_c3
7092024,c4,26,WT,8,Male,Coarse-FI; Fine-FI: Voltage-Sag; Full E/I + Plateaus,"Yes: [Coarse-FI, Fine-FI, Voltage-Sag, E/I, plateau]",Yes,"{channel_1: perforant, channel_2: schaffer}",ISI_times_dict_newer,{Gabazine: sweep_89},Theta_Burst_MCIII_new_variant_2,10_M Gabazine washed in for E/I + plateaus,,-70,,,,-70,Sucrose,310,ACSF - 2mM Ca; 1mM Mg,ACSF - 2mM Ca; 1mM Mg,307,longitudinal ,Dorsal CA1,250,35,20240709,20240709_c4
7112024,c1,66,WT,8,Female,Coarse-FI; Fine-FI; Voltage-Sag; E/I Up to 10 Control,"Yes: [Coarse-FI, Fine-FI, Voltage-Sag, E/I]",,"{channel_1: perforant, channel_2: schaffer}",ISI_times_dict_newer,,,10_M Gabazine washed in for E/I,,-70,,,,-70,Sucrose,310,ACSF - 2mM Ca; 1mM Mg,ACSF - 2mM Ca; 1mM Mg,307,longitudinal ,Dorsal CA1,250,35,20240711,20240711_c1
7112024,c2,40,WT,8,Female,Coarse-FI; Fine-FI: Voltage-Sag; Full E/I; no Plateaus,"Yes: [Coarse-FI, Fine-FI, Voltage-Sag, E/I]",,"{channel_1: perforant, channel_2: schaffer}",ISI_times_dict_newer,,,10_M Gabazine washed in for E/I ,,-55,,,,-70,Sucrose,310,ACSF - 2mM Ca; 1mM Mg,ACSF - 2mM Ca; 1mM Mg,307,longitudinal ,Dorsal CA1,250,35,20240711,20240711_c2
7112024,c3,31,WT,8,Female,Coarse-FI; Fine-FI; Voltage-Sag; E/I Up to 100 Gabazine,"Yes: [Coarse-FI, Fine-FI, Voltage-Sag, E/I]",,"{channel_1: perforant, channel_2: schaffer}",ISI_times_dict_newer,,,10_M Gabazine washed in for E/I ,,-53,,,,-70,Sucrose ,310,ACSF - 2mM Ca; 1mM Mg,ACSF - 2mM Ca; 1mM Mg,307,longitudinal ,Dorsal CA1,250,35,20240711,20240711_c3
7172024,c1,110,WT,9,Female,Coarse-FI; Fine-FI; Voltage-Sag ,"Yes: [Coarse-FI, Fine-FI, Voltage-Sag] ",,,,,,,,-71,,,,-70,Sucrose ,310,ACSF - 2mM Ca; 1mM Mg,ACSF - 2mM Ca; 1mM Mg,305,longitudinal ,Dorsal CA1,250,35,20240717,20240717_c1
7172024,c2,20,WT,9,Female,Coarse-FI; Fine-FI: Voltage-Sag;Full E/I + Plateaus,"Yes: [Coarse-FI, Fine-FI, Voltage-Sag, E/I, plateau]",Yes,"{channel_1: perforant, channel_2: schaffer}",ISI_times_dict_newer,{Gabazine: sweep_84},Theta_Burst_MCIII_new_variant_2,10_M Gabazine washed in for E/I + plateaus,,-70,,,,-70,Sucrose ,310,ACSF - 2mM Ca; 1mM Mg,ACSF - 2mM Ca; 1mM Mg,305,longitudinal ,Dorsal CA1,250,35,20240717,20240717_c2
7172024,c3,31,WT,9,Female,Coarse-FI; Fine-FI: Voltage-Sag; Full E/I+ Plateaus,"Yes: [Coarse-FI, Fine-FI, Voltage-Sag, E/I, plateau]",Yes,"{channel_1: perforant, channel_2: schaffer}",ISI_times_dict_newer,{Gabazine: sweep_97},Theta_Burst_MCIII_new_variant_2,10_M Gabazine washed in for E/I + plateaus,,-66,,,,-70,Sucrose ,310,ACSF - 2mM Ca; 1mM Mg,ACSF - 2mM Ca; 1mM Mg,305,longitudinal ,Dorsal CA1,250,35,20240717,20240717_c3
7232024,c1,49,GNB1,10,Female,Coarse-FI; Fine-FI; Voltage-Sag ,"Yes: [Coarse-FI, Fine-FI, Voltage-Sag] ",,,,,,,,-70,,,,-70,Sucrose ,310,ACSF - 2mM Ca; 1mM Mg,ACSF - 2mM Ca; 1mM Mg,304,longitudinal ,Dorsal CA1,250,35,20240723,20240723_c1
7232024,c2,25,GNB1,10,Female,Coarse-FI; Fine-FI; Voltage-Sag ,"Yes: [Coarse-FI, Fine-FI, Voltage-Sag] ",,,,,,,,-63,,,,-70,Sucrose ,310,ACSF - 2mM Ca; 1mM Mg,ACSF - 2mM Ca; 1mM Mg,304,longitudinal ,Dorsal CA1,250,35,20240723,20240723_c2
7232024,c3,16,GNB1,10,Female,Coarse-FI; Fine-FI; Voltage-Sag ,"Yes: [Coarse-FI, Fine-FI, Voltage-Sag] ",,,,,,,,-67,,,,-70,Sucrose ,310,ACSF - 2mM Ca; 1mM Mg,ACSF - 2mM Ca; 1mM Mg,304,longitudinal ,Dorsal CA1,250,35,20240723,20240723_c3
7232024,c4,30,GNB1,10,Female,Coarse-FI; Fine-FI; Voltage-Sag ,"Yes: [Coarse-FI, Fine-FI, Voltage-Sag] ",,,,,,,,-67,,,,-70,Sucrose ,310,ACSF - 2mM Ca; 1mM Mg,ACSF - 2mM Ca; 1mM Mg,304,longitudinal ,Dorsal CA1,250,35,20240723,20240723_c4
7232024,c5,24,GNB1,10,Female,Coarse-FI; Fine-FI; Voltage-Sag ,"Yes: [Coarse-FI, Fine-FI, Voltage-Sag] ",,,,,,,,-71,,,,-70,Sucrose ,310,ACSF - 2mM Ca; 1mM Mg,ACSF - 2mM Ca; 1mM Mg,304,longitudinal ,Dorsal CA1,250,35,20240723,20240723_c5
7232024,c6,21,GNB1,10,Female,Coarse-FI; Fine-FI; Voltage-Sag ,"Yes: [Coarse-FI, Fine-FI, Voltage-Sag] ",,,,,,,,-69,,,,-70,Sucrose ,310,ACSF - 2mM Ca; 1mM Mg,ACSF - 2mM Ca; 1mM Mg,304,longitudinal ,Dorsal CA1,250,35,20240723,20240723_c6
7302024,c1,61,GNB1,11,Female,Coarse-FI; Fine-FI; Voltage-Sag ,"Yes: [Coarse-FI, Fine-FI, Voltage-Sag] ",,,,,,,,-60,,,,-70,Sucrose,309,ACSF - 2mM Ca; 1mM Mg,ACSF - 2mM Ca; 1mM Mg,304,longitudinal ,Dorsal CA1,250,35,20240730,20240730_c1
7302024,c2,70,GNB1,11,Female,Coarse-FI; Fine-FI; Voltage-Sag; E/I Up to 100 Gabazine,"Yes: [Coarse-FI, Fine-FI, Voltage-Sag, E/I]",,"{channel_1: perforant, channel_2: schaffer}",ISI_times_dict_newer,,,10_M Gabazine washed in for E/I ,,-55,,,,-70,Sucrose,309,ACSF - 2mM Ca; 1mM Mg,ACSF - 2mM Ca; 1mM Mg,304,longitudinal ,Dorsal CA1,250,35,20240730,20240730_c2
7302024,c3,29,GNB1,11,Female,Coarse-FI; Fine-FI; Voltage-Sag ,"Yes: [Coarse-FI, Fine-FI, Voltage-Sag] ",,,,,,,,-71,,,,-70,Sucrose,309,ACSF - 2mM Ca; 1mM Mg,ACSF - 2mM Ca; 1mM Mg,304,longitudinal ,Dorsal CA1,250,35,20240730,20240730_c3
8092024,c1,12,GNB1,9,Male,Coarse-FI,Yes: [Coarse-FI],,,,,,,,-61,,,,-70,Sucrose,311,ACSF - 2mM Ca; 1mM Mg,ACSF - 2mM Ca; 1mM Mg,304,longitudinal ,Dorsal CA1,250,35,20240809,20240809_c1
8092024,c2,119,GNB1,9,Male,Coarse-FI; Fine-FI: Voltage-Sag; Full E/I+ Plateaus,"Yes: [Coarse-FI, Fine-FI, Voltage-Sag, E/I, plateau]",Yes,"{channel_1: perforant, channel_2: schaffer}",ISI_times_dict_newer,{Gabazine: sweep_196},Theta_Burst_MCIII_new_variant_2,10_M Gabazine washed in for E/I + plateaus,,-58,,,,-70,Sucrose,311,ACSF - 2mM Ca; 1mM Mg,ACSF - 2mM Ca; 1mM Mg,304,longitudinal ,Dorsal CA1,250,35,20240809,20240809_c2
8092024,c3,43,GNB1,9,Male,Coarse-FI; Fine-FI; Voltage-Sag; E/I Up to 10 Control,"Yes: [Coarse-FI, Fine-FI, Voltage-Sag, E/I]",,"{channel_1: perforant, channel_2: schaffer}",ISI_times_dict_newer,,,,,-63,,,,-70,Sucrose,311,ACSF - 2mM Ca; 1mM Mg,ACSF - 2mM Ca; 1mM Mg,304,longitudinal ,Dorsal CA1,250,35,20240809,20240809_c3
8092024,c4,39,GNB1,9,Male,Coarse-FI; Fine-FI; Voltage-Sag ,"Yes: [Coarse-FI, Fine-FI, Voltage-Sag] ",,,,,,,,-45,,,,-70,Sucrose,311,ACSF - 2mM Ca; 1mM Mg,ACSF - 2mM Ca; 1mM Mg,304,longitudinal ,Dorsal CA1,250,35,20240809,20240809_c4
8092024,c5,31,GNB1,9,Male,Coarse-FI; Fine-FI; Voltage-Sag ,"Yes: [Coarse-FI, Fine-FI, Voltage-Sag] ",,,,,,,,-52,,,,-70,Sucrose,311,ACSF - 2mM Ca; 1mM Mg,ACSF - 2mM Ca; 1mM Mg,304,longitudinal ,Dorsal CA1,250,35,20240809,20240809_c5
8092024,c6,19,GNB1,9,Male,Coarse-FI; Fine-FI; Voltage-Sag ,"Yes: [Coarse-FI, Fine-FI, Voltage-Sag] ",,,,,,,,-71,,,,-70,Sucrose,311,ACSF - 2mM Ca; 1mM Mg,ACSF - 2mM Ca; 1mM Mg,304,longitudinal ,Dorsal CA1,250,35,20240809,20240809_c6
8092024,c7,17,GNB1,9,Male,Coarse-FI; Fine-FI; Voltage-Sag ,"Yes: [Coarse-FI, Fine-FI, Voltage-Sag] ",,,,,,,,-55,,,,-70,Sucrose,311,ACSF - 2mM Ca; 1mM Mg,ACSF - 2mM Ca; 1mM Mg,304,longitudinal ,Dorsal CA1,250,35,20240809,20240809_c7
8142024,c1,60,GNB1,10,Female,Coarse-FI; Fine-FI; Voltage-Sag; E/I Up to 10 Control - Forgot to add Gabazine,"Yes: [Coarse-FI, Fine-FI, Voltage-Sag, E/I]",,"{channel_1: perforant, channel_2: schaffer}",ISI_times_dict_newer,,,,,-67,,,,-70,Sucrose,308,ACSF - 2mM Ca; 1mM Mg,ACSF - 2mM Ca; 1mM Mg,305,longitudinal ,Dorsal CA1,250,35,20240814,20240814_c1
8142024,c2,41,GNB1,10,Female,Coarse-FI; Fine-FI; Voltage-Sag ,"Yes: [Coarse-FI, Fine-FI, Voltage-Sag] ",,,,,,,,-75,,,,-70,Sucrose,308,ACSF - 2mM Ca; 1mM Mg,ACSF - 2mM Ca; 1mM Mg,305,longitudinal ,Dorsal CA1,250,35,20240814,20240814_c2
8142024,c3,59,GNB1,10,Female,Coarse-FI; Fine-FI: Voltage-Sag; Full E/I+ Plateaus,"Yes: [Coarse-FI, Fine-FI, Voltage-Sag, E/I, plateau]",Yes,"{channel_1: perforant, channel_2: schaffer}",ISI_times_dict_newer,{Gabazine: sweep_113},Theta_Burst_MCIII_new_edited,10_M Gabazine washed in for E/I + plateaus,,-64,,,,-70,Sucrose,308,ACSF - 2mM Ca; 1mM Mg,ACSF - 2mM Ca; 1mM Mg,305,longitudinal ,Dorsal CA1,250,35,20240814,20240814_c3
8142024,c4,29,GNB1,10,Female,Coarse-FI; Fine-FI; Voltage-Sag ,"Yes: [Coarse-FI, Fine-FI, Voltage-Sag] ",,,,,,,,-66,,,,-70,Sucrose,308,ACSF - 2mM Ca; 1mM Mg,ACSF - 2mM Ca; 1mM Mg,305,longitudinal ,Dorsal CA1,250,35,20240814,20240814_c4
8142024,c5,24,GNB1,10,Female,Coarse-FI; Fine-FI; Voltage-Sag ,"Yes: [Coarse-FI, Fine-FI, Voltage-Sag] ",,,,,,,,-62,,,,-70,Sucrose,308,ACSF - 2mM Ca; 1mM Mg,ACSF - 2mM Ca; 1mM Mg,305,longitudinal ,Dorsal CA1,250,35,20240814,20240814_c5
8142024,c6,17,GNB1,10,Female,Coarse-FI; Fine-FI; Voltage-Sag ,"Yes: [Coarse-FI, Fine-FI, Voltage-Sag] ",,,,,,,,-67,,,,-70,Sucrose,308,ACSF - 2mM Ca; 1mM Mg,ACSF - 2mM Ca; 1mM Mg,305,longitudinal ,Dorsal CA1,250,35,20240814,20240814_c6
8142024,c7,47,GNB1,10,Female,Coarse-FI; Fine-FI; Voltage-Sag ,"Yes: [Coarse-FI, Fine-FI, Voltage-Sag] ",,,,,,,,-65,,,,-70,Sucrose,308,ACSF - 2mM Ca; 1mM Mg,ACSF - 2mM Ca; 1mM Mg,305,longitudinal ,Dorsal CA1,250,35,20240814,20240814_c7
8222024,c1,,GNB1,11,Female,BTSP - failed experiment,No,,,,,,2_M Gabazine ,,-68,,,,-70 to -80,Sucrose,308,ACSF - 2mM Ca; 1mM Mg,ACSF - 2mM Ca; 1mM Mg,306,sagittal,Dorsal CA1,250,35,20240822,20240822_c1
8222024,c2,,GNB1,11,Female,"BTSP: {baseline: 10-33, After_LTP: 39:, current_inj: 300pA, delay: 0ms, channels: {channel_1:Test Schaffer, channel_2: Control Schaffer}} - Worked?",Yes: [BTSP 0ms],,,,,,2_M Gabazine ,,-75,,,,-70 to -80,Sucrose,308,ACSF - 2mM Ca; 1mM Mg,ACSF - 2mM Ca; 1mM Mg,306,sagittal,Dorsal CA1,250,35,20240822,20240822_c2
8292024,c1,36,GNB1,9,Female,Coarse-FI; Fine-FI: Voltage-Sag;Full E/I + Plateaus,"Yes: [Coarse-FI, Fine-FI, Voltage-Sag, E/I, plateau]",Yes,"{channel_1: perforant, channel_2: schaffer}",ISI_times_dict_newer,{Gabazine: sweep_84},Theta_Burst_MCIII_new_edited,10_M Gabazine washed in for E/I + plateaus,,-62,,,,-70,Sucrose,310,ACSF - 2mM Ca; 1mM Mg,ACSF - 2mM Ca; 1mM Mg,304,longitudinal ,Dorsal CA1,250,35,20240829,20240829_c1
8292024,c2,34,GNB1,9,Female,Coarse-FI; Fine-FI; Voltage-Sag; E/I Up to 25 Control,"Yes: [Coarse-FI, Fine-FI, Voltage-Sag, E/I]",,"{channel_1: perforant, channel_2: schaffer}",ISI_times_dict_newer,,,,,-58,,,,-70,Sucrose,310,ACSF - 2mM Ca; 1mM Mg,ACSF - 2mM Ca; 1mM Mg,304,longitudinal ,Dorsal CA1,250,35,20240829,20240829_c2
9052024,c1,25,GNB1,10,Male,Coarse-FI; Fine-FI; Voltage-Sag; Perforant Full E/I ,"Yes: [Coarse-FI, Fine-FI, Voltage-Sag, E/I]",,"{channel_1: perforant, channel_2:}",ISI_times_dict_newer,,,10_M Gabazine washed in first; then 10_M Baclofen + 10_M Gabazine washed in next,,-70,,,,-70,Sucrose,311,ACSF - 2mM Ca; 1mM Mg,ACSF - 2mM Ca; 1mM Mg,306,longitudinal ,Dorsal CA1,250,35,20240905,20240905_c1
9052024,c2,37,GNB1,10,Male,Coarse-FI; Fine-FI: Voltage-Sag; Full E/I + Plateaus,"Yes: [Coarse-FI, Fine-FI, Voltage-Sag, E/I, plateau]",Yes,"{channel_1: perforant, channel_2: schaffer}",ISI_times_dict_newer,{Gabazine: sweep_82},Theta_Burst_MCIII_new_edited,10_M Gabazine washed in for E/I + plateaus,,-65,,,,-70,Sucrose,311,ACSF - 2mM Ca; 1mM Mg,ACSF - 2mM Ca; 1mM Mg,306,longitudinal ,Dorsal CA1,250,35,20240905,20240905_c2
9052024,c3,16,GNB1,10,Male,Coarse-FI; Fine-FI: Voltage-Sag; Full E/I + Plateaus,"Yes: [Coarse-FI, Fine-FI, Voltage-Sag, E/I, plateau]",Yes,"{channel_1: perforant, channel_2: schaffer}",ISI_times_dict_newer,{Gabazine: sweep_59},Theta_Burst_MCIII_new_edited,10_M Gabazine washed in for E/I + plateaus,,-69,,,,-70,Sucrose,311,ACSF - 2mM Ca; 1mM Mg,ACSF - 2mM Ca; 1mM Mg,306,longitudinal ,Dorsal CA1,250,35,20240905,20240905_c3
9242024,c1,,WT,12,Male,BTSP - failed experiment,No,,,,,,2_M Gabazine ,,-53,,,,-70 to -80,Sucrose,306,ACSF - 2mM Ca; 1mM Mg,ACSF - 2mM Ca; 1mM Mg,305,sagittal,Dorsal CA1,250,35,20240924,20240924_c1
9242024,c3,,WT,12,Male,BTSP - failed experiment,No,,,,,,2_M Gabazine ,,-57,,,,-70 to -80,Sucrose,306,ACSF - 2mM Ca; 1mM Mg,ACSF - 2mM Ca; 1mM Mg,305,sagittal,Dorsal CA1,250,35,20240924,20240924_c3
10012024,c1,,WT,10,Male,BTSP - failed experiment,No,,,,,,2_M Gabazine ,,-63,,,,-70 to -80,Sucrose,309,ACSF - 2mM Ca; 1mM Mg,ACSF - 2mM Ca; 1mM Mg,307,sagittal,Dorsal CA1,250,35,20241001,20241001_c1
10012024,c2,,WT,10,Male,BTSP - failed experiment,No,,,,,,2_M Gabazine ,,-73,,,,-70 to -80,Sucrose,309,ACSF - 2mM Ca; 1mM Mg,ACSF - 2mM Ca; 1mM Mg,307,sagittal,Dorsal CA1,250,35,20241001,20241001_c2
10082024,c3,,WT,9,Male,"BTSP: {baseline: 26-55, After_LTP: 61:150, current_inj: 300pA, delay: 0ms, channels: {channel_1:Test Schaffer, channel_2: Control Schaffer}} - Worked?; spontaneous plateaus occured",Yes: [BTSP 0ms],,,,,,2_M Gabazine ,,-68,,,,-70 to -80,Sucrose,309,ACSF - 2mM Ca; 1mM Mg,ACSF - 2mM Ca; 1mM Mg,305,transverse (horizontal),Dorsal CA1,400,35,20241008,20241008_c3
10102024,c3,,WT,11,Female,BTSP - failed experiment,No,,,,,,2_M Gabazine ,,-73,,,,-70 to -80,Sucrose,309,ACSF - 2mM Ca; 1mM Mg,ACSF - 2mM Ca; 1mM Mg,307,transverse (horizontal),Dorsal CA1,400,35,20241010,20241010_c3
10152024,c1,,GNB1,12,Male,BTSP - failed experiment,No,,,,,,2_M Gabazine ,,-68,,,,-70 to -80,Sucrose,309,ACSF - 2mM Ca; 1mM Mg,ACSF - 2mM Ca; 1mM Mg,307,sagittal,Dorsal CA1,250,35,20241015,20241015_c1
10172024,c1,,GNB1,12,Male,300 ms unitary Gabazine; Plateaus,No: Lost Cell,,,,,,10_M Gabazine washed in,,-66,,,,-70,Sucrose,300,ACSF - 2mM Ca; 1mM Mg,ACSF - 2mM Ca; 1mM Mg,307,longitudinal ,Dorsal CA1,250,35,20241017,20241017_c1
10172024,c3,,GNB1,12,Male,300 ms unitary Gabazine; Plateaus,No: Lost Cell,,,,,,10_M Gabazine washed in,,-71,,,,-70,Sucrose,300,ACSF - 2mM Ca; 1mM Mg,ACSF - 2mM Ca; 1mM Mg,307,longitudinal ,Dorsal CA1,250,35,20241017,20241017_c3
10172024,c4,,GNB1,12,Male,300 ms unitary Gabazine; Plateaus Gabazine + Plateaus GIRK Agonist (Full GIRK Experiment),No: Input resistance dropped significantly - below 50 mOhms,,,,,,10_M Gabazine washed in ,,-70,,,,-70,Sucrose,300,ACSF - 2mM Ca; 1mM Mg,ACSF - 2mM Ca; 1mM Mg,307,longitudinal ,Dorsal CA1,250,35,20241017,20241017_c4
10172024,c5,,GNB1,12,Male,300 ms unitary Gabazine; Plateaus,No: Bad Recording,,,,,,10_M Gabazine washed in,,-60,,,,-70,Sucrose,300,ACSF - 2mM Ca; 1mM Mg,ACSF - 2mM Ca; 1mM Mg,307,longitudinal ,Dorsal CA1,250,35,20241017,20241017_c5
11202024,c1,,WT,9,Female,BTSP attempt - lost cell,No,,,,,,2_M Gabazine ,,-73,,,,-70 to -80,Sucrose,308,ACSF - 2mM Ca; 1mM Mg,ACSF - 2mM Ca; 1mM Mg,302,sagittal,Dorsal CA1,250,35,20241120,20241120_c1
11202024,c2,,WT,9,Female,"BTSP: {baseline: 3-32, After_LTP: 38:127, current_inj: 300pA, delay: 0ms, channels: {channel_1:Test Schaffer, channel_2: Control Schaffer}} - Worked?",Yes: [BTSP 0ms],,,,,,2_M Gabazine ,,-55,,,,-70 to -80,Sucrose,308,ACSF - 2mM Ca; 1mM Mg,ACSF - 2mM Ca; 1mM Mg,302,sagittal,Dorsal CA1,250,35,20241120,20241120_c2
12032024,c1,,WT,11,Female,BTSP - failed experiment,No,,,,,,2_M Gabazine ,,-70,,25,,-70 to -80,Sucrose,310,ACSF - 2mM Ca; 1mM Mg,ACSF - 2mM Ca; 1mM Mg,305,sagittal,Dorsal CA1,250,35,20241203,20241203_c1
12032024,c2,,WT,11,Female,BTSP - failed experiment,No,,,,,,2_M Gabazine ,,-63,,29,,-70 to -80,Sucrose,310,ACSF - 2mM Ca; 1mM Mg,ACSF - 2mM Ca; 1mM Mg,305,sagittal,Dorsal CA1,250,35,20241203,20241203_c2
12032024,c3,,WT,11,Female,BTSP - failed experiment,No,,,,,,2_M Gabazine ,,-50,,32.66,,-70 to -80,Sucrose,310,ACSF - 2mM Ca; 1mM Mg,ACSF - 2mM Ca; 1mM Mg,305,sagittal,Dorsal CA1,250,35,20241203,20241203_c3
12112024,c1,34,GNB1,11,Male,Coarse-FI; Fine-FI; Voltage-Sag; 300 ms unitary Control; 300 ms unitary Gabazine; Plateaus Gabazine + Plateaus GIRK Agonist (Full GIRK Experiment) - Worked!!,"Yes: [Coarse-FI, Fine-FI, Voltage-Sag, Unitary Gabazine, plateau, plateau ML297]",Yes,"{channel_1: perforant, channel_2: schaffer}",,"{Gabazine: sweep_60, ML297: sweep_64}",Theta_Burst_MCIII_new_edited,10_M Gabazine washed in first; then 10_M ML297 washed in next,,-70,,20.17,,-70,Sucrose,310,ACSF - 2mM Ca; 1mM Mg,ACSF - 2mM Ca; 1mM Mg,303,longitudinal ,Dorsal CA1,250,35,20241211,20241211_c1
12112024,c2,23,GNB1,11,Male,Coarse-FI; Fine-FI; Voltage-Sag ,"Yes: [Coarse-FI, Fine-FI, Voltage-Sag] ",,,,,,,,-77,,27.09,,-70,Sucrose,310,ACSF - 2mM Ca; 1mM Mg,ACSF - 2mM Ca; 1mM Mg,303,longitudinal ,Dorsal CA1,250,35,20241211,20241211_c2
12202024,c1,,WT,11,Male,BTSP attempt - too many spontaneous plateaus to quantify,No,,,,,,2_M Gabazine ,,-79,,37.25,,-70 to -80,Sucrose,310,ACSF - 2mM Ca; 1mM Mg,ACSF - 2mM Ca; 1mM Mg,307,sagittal,Dorsal CA1,250,35,20241220,20241220_c1
12202024,c2,,WT,11,Male,BTSP - failed experiment,No,,,,,,2_M Gabazine ,,-60,,45,,-70 to -80,Sucrose,310,ACSF - 2mM Ca; 1mM Mg,ACSF - 2mM Ca; 1mM Mg,307,sagittal,Dorsal CA1,250,35,20241220,20241220_c2
1142025,c1,3,GNB1,8,Male,Coarse-FI; Fine-FI; Voltage-Sag ,"Yes: [Coarse-FI, Fine-FI, Voltage-Sag] ",,,,,,,,-74,,21.75,,-70,Sucrose,310,ACSF - 2mM Ca; 1mM Mg,ACSF - 2mM Ca; 1mM Mg,305,longitudinal ,Dorsal CA1,250,35,20250114,20250114_c1
1142025,c2,19,GNB1,8,Male,Coarse-FI; Fine-FI; Voltage-Sag; 300 ms unitary Control; 300 ms unitary Gabazine; Plateaus Gabazine + Plateaus GIRK Agonist; 300 ms unitary GIRK Agonist (Full GIRK Experiment) - Worked!!,"Yes: [Coarse-FI, Fine-FI, Voltage-Sag, Unitary Gabazine, plateau, plateau ML297]",Yes,"{channel_1: perforant, channel_2: schaffer}",,"{Gabazine: sweep_44, ML297: sweep_47}",Theta_Burst_MCIII_new_edited,10_M Gabazine washed in first; then 10_M ML297 washed in next,,-64,,32.75,,-70,Sucrose,310,ACSF - 2mM Ca; 1mM Mg,ACSF - 2mM Ca; 1mM Mg,305,longitudinal ,Dorsal CA1,250,35,20250114,20250114_c2
1142025,c3,,GNB1,8,Male,Coarse-FI; Fine-FI; Voltage-Sag; 300 ms unitary Control; 300 ms unitary Gabazine; Plateaus Gabazine ,No: Bad Recording,,,,,,10_M Gabazine washed in,,-71,,21.31,,-70,Sucrose,310,ACSF - 2mM Ca; 1mM Mg,ACSF - 2mM Ca; 1mM Mg,305,longitudinal ,Dorsal CA1,250,35,20250114,20250114_c3
1162025,c1,16,GNB1,8,Female,Coarse-FI; Fine-FI; Voltage-Sag; 300 ms unitary Control; 300 ms unitary Gabazine; Plateaus Gabazine + Plateaus GIRK Agonist; 300 ms unitary GIRK Agonist (Full GIRK Experiment) - Worked!!,"Yes: [Coarse-FI, Fine-FI, Voltage-Sag, Unitary Gabazine, plateau, plateau ML297]",Yes,"{channel_1: perforant, channel_2: schaffer}",,"{Gabazine: sweep_33, ML297: sweep_36}",Theta_Burst_MCIII_new_edited,10_M Gabazine washed in first; then 10_M ML297 washed in next,,-60,,45,,-70,Sucrose,310,ACSF - 2mM Ca; 1mM Mg,ACSF - 2mM Ca; 1mM Mg,306,longitudinal ,Dorsal CA1,250,35,20250116,20250116_c1
1162025,c2,53,GNB1,8,Female,Coarse-FI; Fine-FI; Voltage-Sag; 300 ms unitary Control; 300 ms unitary Gabazine; Plateaus Gabazine + Plateaus GIRK Agonist; 300 ms unitary GIRK Agonist (Full GIRK Experiment) - Worked!!,"Yes: [Coarse-FI, Fine-FI, Voltage-Sag, Unitary Gabazine, plateau, plateau ML297]",Yes,"{channel_1: perforant, channel_2: schaffer}",,"{Gabazine: sweep_76, ML297: sweep_79}",Theta_Burst_MCIII_new_edited,10_M Gabazine washed in first; then 10_M ML297 washed in next,,-70,,33.64,,-70,Sucrose,310,ACSF - 2mM Ca; 1mM Mg,ACSF - 2mM Ca; 1mM Mg,306,longitudinal ,Dorsal CA1,250,35,20250116,20250116_c2
1222025,c1,17,GNB1,9,Male,Coarse-FI; Fine-FI; Voltage-Sag; 300 ms unitary Control; 300 ms unitary Gabazine; Plateaus Gabazine + Plateaus GIRK Agonist; 300 ms unitary GIRK Agonist (Full GIRK Experiment) - Worked!!,"Yes: [Coarse-FI, Fine-FI, Voltage-Sag, Unitary Gabazine, plateau, plateau ML297]",Yes,"{channel_1: perforant, channel_2: schaffer}",,"{Gabazine: sweep_36, ML297: sweep_39}",,10_M Gabazine washed in first; then 10_M ML297 washed in next,,-67,,20.39,,-70,Sucrose,310,ACSF - 2mM Ca; 1mM Mg,ACSF - 2mM Ca; 1mM Mg,307,longitudinal ,Dorsal CA1,250,35,20250122,20250122_c1
1242025,c1,,GNB1,9,Male,300 ms unitary Control; 300 ms unitary Gabazine; Plateaus Gabazine + Plateaus GIRK Agonist; 300 ms unitary GIRK Agonist (Full GIRK Experiment) - Worked!!,"Yes: [Coarse-FI, Fine-FI, Voltage-Sag, Unitary Gabazine, plateau, plateau ML297]",Yes,"{channel_1: perforant, channel_2: schaffer}",,"{Gabazine: sweep_11, ML297: sweep_14}",Theta_Burst_MCIII_new_edited,10_M Gabazine washed in first; then 10_M ML297 washed in next,,-64,,31.46,,-70,Sucrose,310,ACSF - 2mM Ca; 1mM Mg,ACSF - 2mM Ca; 1mM Mg,306,longitudinal ,Dorsal CA1,250,35,20250124,20250124_c1
1292025,c1,,WT,10,,BTSP attempt single electrode failed,No,,,,,,2_M Gabazine ,,-67,,18.61,,-70 to -80,Sucrose,310,ACSF - 2mM Ca; 1mM Mg,ACSF - 2mM Ca; 1mM Mg,307,sagittal,Dorsal CA1,250,35,20250129,20250129_c1
2122025,c1,,WT,12,Male,BTSP - failed experiment,No,,,,,,2_M Gabazine ,,-60,,40,,-70 to -80,Sucrose,310,ACSF - 2mM Ca; 1mM Mg,ACSF - 2mM Ca; 1mM Mg,307,sagittal,Dorsal CA1,250,35,20250212,20250212_c1
2122025,c2,,WT,12,Male,"BTSP: {baseline: 3-32, After_LTP: 38:127, current_inj: 200pA, delay: 0ms, channels: {channel_1:Control Stratum Oriens, channel_2: Test Schaffer}} - Worked - got spikes on plateau ",Yes: [BTSP 0ms],,,,,,2_M Gabazine ,,-75,,30.7,,-70 to -80,Sucrose,310,ACSF - 2mM Ca; 1mM Mg,ACSF - 2mM Ca; 1mM Mg,307,sagittal,Dorsal CA1,250,35,20250212,20250212_c2
2212025,c1,,WT,7,Female,"* BTSP: {baseline: 4-33, After_LTP: 39:128, current_inj: 400pA, delay: 0ms, channels: {channel_1:Test Schaffer, channel_2: Control Stratum Oriens,}} - Worked - got spikes on plateau - Monopolar Electrode used - Experiment disrupted by someone walking into lab!!",Yes: [BTSP 0ms],,,,,,2_M Gabazine ,,-73,,59,,-70 to -80,Sucrose,310,ACSF - 2mM Ca; 1mM Mg,ACSF - 2mM Ca; 1mM Mg,305,sagittal,Dorsal CA1,250,35,20250221,20250221_c1
2212025,c2,,WT,7,Female,BTSP - failed experiment,No,,,,,,2_M Gabazine ,,-60,,25.59,,-70 to -80,Sucrose,310,ACSF - 2mM Ca; 1mM Mg,ACSF - 2mM Ca; 1mM Mg,305,sagittal,Dorsal CA1,250,35,20250221,20250221_c2
2212025,c3,,WT,7,Female,BTSP - failed experiment,No,,,,,,2_M Gabazine ,,-55,,32.5,,-70 to -80,Sucrose,310,ACSF - 2mM Ca; 1mM Mg,ACSF - 2mM Ca; 1mM Mg,305,sagittal,Dorsal CA1,250,35,20250221,20250221_c3
2262025,c2,,WT,9,Female,"BTSP: {baseline: 4-33, After_LTP: 38:127, current_inj: 600pA, delay: 0ms, channels: {channel_1:Control Stratum Oriens, channel_2: Test Schaffer}} - Worked - got spikes on plateau ",Yes: [BTSP 0ms],,,,,,2_M Gabazine ,,-67,,44.82,,-70 to -80,Sucrose,311,ACSF - 2mM Ca; 1mM Mg,ACSF - 2mM Ca; 1mM Mg,302,sagittal,Dorsal CA1,250,35,20250226,20250226_c2
2272025,c1,,WT,9,Female,"BTSP: {baseline: 4-33, After_LTP: 38:127, current_inj: 200pA, delay: 0ms, channels: {channel_1:Control Stratum Oriens, channel_2: Test Schaffer}} - Worked - got spikes on plateau ",No,,,,,,2_M Gabazine ,,-73,,30,,70 to -80 Changed holding  ,Sucrose,311,ACSF - 2mM Ca; 1mM Mg,ACSF - 2mM Ca; 1mM Mg,305,sagittal,Dorsal CA1,250,35,20250227,20250227_c1
2272025,c2,,WT,9,Female,"BTSP: {baseline: 1-30, After_LTP: 36:76, current_inj: 200pA, delay: 0ms, channels: {channel_1:Control Stratum Oriens, channel_2: Test Schaffer}} - Worked - got spikes on plateau ",No,,,,,,2_M Gabazine ,,-62,,23.73,,70 to -80 Changed holding  ,Sucrose,311,ACSF - 2mM Ca; 1mM Mg,ACSF - 2mM Ca; 1mM Mg,305,sagittal,Dorsal CA1,250,35,20250227,20250227_c2
3042025,c1,,GNB1,10,Female,300 ms unitary Control; 300 ms unitary Gabazine; Plateaus Gabazine + Plateaus GIRK Agonist (Full GIRK Experiment) - Worked!!,"Yes: [Unitary Gabazine, plateau, plateau ML297]",Yes,"{channel_1: perforant, channel_2: schaffer}",ISI_times_dict_newer,"{Gabazine: sweep_9, ML297: sweep_12}",Theta_Burst_MCIII_new_edited,10_M Gabazine washed in first; then 10_M ML297 washed in next,,-60,,33.8,,-70,Sucrose,311,ACSF - 2mM Ca; 1mM Mg,ACSF - 2mM Ca; 1mM Mg,305,longitudinal ,Dorsal CA1,250,35,20250304,20250304_c1
3042025,c2,,GNB1,10,Female,300 ms unitary Control; 300 ms unitary Gabazine; Plateaus Gabazine + Plateaus GIRK Agonist (Full GIRK Experiment) ,"Yes: [Unitary Gabazine, plateau, plateau ML297]",Yes,"{channel_1: perforant, channel_2: schaffer}",ISI_times_dict_newer,"{Gabazine: sweep_11, ML297: sweep_14}",Theta_Burst_MCIII_new_edited,10_M Gabazine washed in first; then 10_M ML297 washed in next,,-66,,29,,-70,Sucrose,311,ACSF - 2mM Ca; 1mM Mg,ACSF - 2mM Ca; 1mM Mg,305,longitudinal ,Dorsal CA1,250,35,20250304,20250304_c2
3102025,c1,,GNB1,10,Male ,300 ms unitary Control; 300 ms unitary Gabazine; Plateaus Gabazine + Plateaus GIRK Agonist (Full GIRK Experiment) ,No - Gabazine not washed in,,,,,,10_M Gabazine not washed in by accident,,-70,,22.08,,-70,Sucrose,311,ACSF - 2mM Ca; 1mM Mg,ACSF - 2mM Ca; 1mM Mg,304,longitudinal ,Dorsal CA1,250,35,20250310,20250310_c1
3102025,c2,,GNB1,10,Male,300 ms unitary Control; 300 ms unitary Gabazine; Plateaus Gabazine + Plateaus GIRK Agonist (Full GIRK Experiment) ,"Yes: [Unitary Gabazine, plateau, plateau ML297]",Yes,"{channel_1: perforant, channel_2: schaffer}",ISI_times_dict_newer,"{Gabazine: sweep_11, ML297: sweep_14}",Theta_Burst_MCIII_new_edited,10_M Gabazine washed in first; then 10_M ML297 washed in next,,-70,,50.2,,-70,Sucrose,311,ACSF - 2mM Ca; 1mM Mg,ACSF - 2mM Ca; 1mM Mg,304,longitudinal ,Dorsal CA1,250,35,20250310,20250310_c2
3122025,c1,30,WT,11,Male,Coarse-FI; Fine-FI; Voltage-Sag; 300 ms unitary Control; 300 ms unitary Gabazine; Plateaus Gabazine ,"Yes: [Coarse-FI, Fine-FI, Voltage-Sag, Unitary Gabazine, plateau]",Yes,"{channel_1: perforant, channel_2: schaffer}",ISI_times_dict_newer,{Gabazine: sweep_49},Theta_Burst_MCIII_new_edited,10_M Gabazine washed in first,,-73,,27.83,,-70,Sucrose,302,ACSF - 2mM Ca; 1mM Mg,ACSF - 2mM Ca; 1mM Mg,308,longitudinal ,Dorsal CA1,250,35,20250312,20250312_c1
3122025,c2,,WT,11,Male,300 ms unitary Control; 300 ms unitary Gabazine; Plateaus Gabazine + Plateaus GIRK Agonist (Full GIRK Experiment) ,No: Input resistance dropped significantly - below 50 mOhms,,,,,,10_M Gabazine washed in first; then 10_M ML297 washed in next,,-64,,17.27,,-70,Sucrose,302,ACSF - 2mM Ca; 1mM Mg,ACSF - 2mM Ca; 1mM Mg,308,longitudinal ,Dorsal CA1,250,35,20250312,20250312_c2
3122025,c3,,WT,11,Male,300 ms unitary Control; 300 ms unitary Gabazine; Plateaus Gabazine + Plateaus GIRK Agonist (Full GIRK Experiment) ,No - Schaffer stim electrode fell out ,,,,,,10_M Gabazine washed in first; then 10_M ML297 washed in next,,-63,,37.9,,-70,Sucrose,302,ACSF - 2mM Ca; 1mM Mg,ACSF - 2mM Ca; 1mM Mg,308,longitudinal ,Dorsal CA1,250,35,20250312,20250312_c3
3172025,c1,,WT,10,Male,300 ms unitary Control; 300 ms unitary Gabazine; Plateaus Gabazine + Plateaus GIRK Agonist (Full GIRK Experiment) ,"Yes: [Unitary Gabazine, plateau, plateau ML297]",Yes,"{channel_1: perforant, channel_2: schaffer}",ISI_times_dict_newer,"{Gabazine: sweep_10, ML297: sweep_13} ",Theta_Burst_MCIII_new_edited,10_M Gabazine washed in first; then 10_M ML297 washed in next,,-78,,24.41,,-70,Sucrose,307,ACSF - 2mM Ca; 1mM Mg,ACSF - 2mM Ca; 1mM Mg,308,longitudinal ,Dorsal CA1,250,35,20250317,20250317_c1
3172025,c2,,WT,10,Male,300 ms unitary Control; 300 ms unitary Gabazine; Plateaus Gabazine + Plateaus GIRK Agonist (Full GIRK Experiment) ,"Yes: [Unitary Gabazine, plateau, plateau ML297]",Yes,"{channel_1: perforant, channel_2: schaffer}",ISI_times_dict_newer,"{Gabazine: sweep_9, ML297: sweep_12}",Theta_Burst_MCIII_new_edited,10_M Gabazine washed in first; then 10_M ML297 washed in next,,-74,,23.43,,-70,Sucrose,307,ACSF - 2mM Ca; 1mM Mg,ACSF - 2mM Ca; 1mM Mg,308,longitudinal ,Dorsal CA1,250,35,20250317,20250317_c2
3172025,c3,,WT,10,Male,300 ms unitary Control; 300 ms unitary Gabazine; Plateaus Gabazine + Plateaus GIRK Agonist (Full GIRK Experiment) ,"Yes: [Unitary Gabazine, plateau, plateau ML297]",Yes,"{channel_1: perforant, channel_2: schaffer}",ISI_times_dict_newer,"{Gabazine: sweep_9, ML297: sweep_12}",Theta_Burst_MCIII_new_edited,10_M Gabazine washed in first; then 10_M ML297 washed in next,,-77,,26.58,,-70,Sucrose,307,ACSF - 2mM Ca; 1mM Mg,ACSF - 2mM Ca; 1mM Mg,308,longitudinal ,Dorsal CA1,250,35,20250317,20250317_c3
3252025,c1,,WT,11,Male,300 ms unitary Control; 300 ms unitary Gabazine; Plateaus Gabazine + Plateaus GIRK Agonist (Full GIRK Experiment) ,No: Input resistance dropped significantly - below 50 mOhms,,,,,,10_M Gabazine washed in first; then 10_M ML297 washed in next,,-74,,15.05,,-70,Sucrose,304,ACSF - 2mM Ca; 1mM Mg,ACSF - 2mM Ca; 1mM Mg,308,longitudinal ,Dorsal CA1,250,35,20250325,20250325_c1
3252025,c2,,WT,11,Male,300 ms unitary Control; 300 ms unitary Gabazine; Plateaus Gabazine + Plateaus GIRK Agonist (Full GIRK Experiment) ,"Yes: [Unitary Gabazine, plateau, plateau ML297]",Yes,"{channel_1: perforant, channel_2: schaffer}",ISI_times_dict_newer,"{Gabazine: sweep_9, ML297: sweep_12}",Theta_Burst_MCIII_new_edited,10_M Gabazine washed in first; then 10_M ML297 washed in next,,-72,,31.98,,-70,Sucrose,304,ACSF - 2mM Ca; 1mM Mg,ACSF - 2mM Ca; 1mM Mg,308,longitudinal ,Dorsal CA1,250,35,20250325,20250325_c2
3262025,c1,,WT,11,Female,300 ms unitary Control; 300 ms unitary Gabazine; Plateaus Gabazine + Plateaus GIRK Agonist (Full GIRK Experiment) ,"Yes: [Unitary Gabazine, plateau, plateau ML297]",Yes,"{channel_1: perforant, channel_2: schaffer}",ISI_times_dict_newer,"{Gabazine: sweep_10, ML297: sweep_17} ",Theta_Burst_MCIII_new_edited,10_M Gabazine washed in first; then 10_M ML297 washed in next,,-71,,41.11,,-70,Sucrose,305,ACSF - 2mM Ca; 1mM Mg,ACSF - 2mM Ca; 1mM Mg,308,longitudinal ,Dorsal CA1,250,35,20250326,20250326_c1
3262025,c2,,WT,11,Female,300 ms unitary Control; 300 ms unitary Gabazine; Plateaus Gabazine + Plateaus GIRK Agonist (Full GIRK Experiment) ,"Yes: [Unitary Gabazine, plateau, plateau ML297]",Yes,"{channel_1: perforant, channel_2: schaffer}",ISI_times_dict_newer,"{Gabazine: sweep_9, ML297: sweep_12}",Theta_Burst_MCIII_new_edited,10_M Gabazine washed in first; then 10_M ML297 washed in next,,-65,,40.43,,-70,Sucrose,305,ACSF - 2mM Ca; 1mM Mg,ACSF - 2mM Ca; 1mM Mg,308,longitudinal ,Dorsal CA1,250,35,20250326,20250326_c2
3272025,c1,,WT,10,Female,300 ms unitary Control; 300 ms unitary Gabazine; Plateaus Gabazine ,No: Bad Recording,,,,,,10_M Gabazine ,,-58,,28.69,,-70,Sucrose,305,ACSF - 2mM Ca; 1mM Mg,ACSF - 2mM Ca; 1mM Mg,308,longitudinal ,Dorsal CA1,250,35,20250327,20250327_c1
3272025,c2,,WT,10,Female,300 ms unitary Control; 300 ms unitary Gabazine; Plateaus Gabazine + Plateaus GIRK Agonist (Full GIRK Experiment) ,No: Input resistance dropped significantly - below 50 mOhms,,,,,,10_M Gabazine washed in first; then 10_M ML297 washed in next,,-71,,22.55,,-70,Sucrose,305,ACSF - 2mM Ca; 1mM Mg,ACSF - 2mM Ca; 1mM Mg,308,longitudinal ,Dorsal CA1,250,35,20250327,20250327_c2
3272025,c3,,WT,10,Female,300 ms unitary Control; 300 ms unitary Gabazine; Plateaus Gabazine + Plateaus GIRK Agonist (Full GIRK Experiment) ,"Yes: [Unitary Gabazine, plateau, plateau ML297]",Yes,"{channel_1: perforant, channel_2: schaffer}",ISI_times_dict_newer,"{Gabazine: sweep_8, ML297: sweep_10} ",Theta_Burst_MCIII_new_edited,10_M Gabazine washed in first; then 10_M ML297 washed in next,,-78,,40,,-70,Sucrose,305,ACSF - 2mM Ca; 1mM Mg,ACSF - 2mM Ca; 1mM Mg,308,longitudinal ,Dorsal CA1,250,35,20250327,20250327_c3
4022025,c1,,GNB1,12,Female,Lost cell,Lost cell ,,,,,,,,-77,,40,,-70,Sucrose,301,ACSF - 2mM Ca; 1mM Mg,ACSF - 2mM Ca; 1mM Mg,308,longitudinal ,Dorsal CA1,250,35,20250402,20250402_c1
4022025,c2,,GNB1,12,Female,300 ms unitary Control; 300 ms unitary Gabazine; Plateaus Gabazine ,"Yes: [Unitary Gabazine, plateau]",Yes,"{channel_1: perforant, channel_2: schaffer}",ISI_times_dict_newer,{Gabazine: sweep_10},Theta_Burst_MCIII_new_edited,10_M Gabazine ,,-65,,26.45,,-70,Sucrose,301,ACSF - 2mM Ca; 1mM Mg,ACSF - 2mM Ca; 1mM Mg,308,longitudinal ,Dorsal CA1,250,35,20250402,20250402_c2
4022025,c3,,GNB1,12,Female,300 ms unitary Control; 300 ms unitary Gabazine; Plateaus Gabazine ,"Yes: [Unitary Gabazine, plateau]",Yes,"{channel_1: perforant, channel_2: schaffer}",ISI_times_dict_newer,{Gabazine: sweep_9},Theta_Burst_MCIII_new_edited,10_M Gabazine washed in - ML297 not washed in ,,-72,,18.92,,-70,Sucrose,301,ACSF - 2mM Ca; 1mM Mg,ACSF - 2mM Ca; 1mM Mg,308,longitudinal ,Dorsal CA1,250,35,20250402,20250402_c3
4082025,c1,,WT,12,Female,300 ms unitary Control; 300 ms unitary Gabazine; Plateaus Gabazine + Plateaus GIRK Antagonist (Full GIRK Experiment) ,"Yes: [Unitary Gabazine, plateau, plateau ETX]",Yes,"{channel_1: perforant, channel_2: schaffer}",ISI_times_dict_newer,"{Gabazine: sweep_13, ETX: sweep_9}",Theta_Burst_MCIII_new_edited,10_M Gabazine washed in first; then 500_M ETX washed in next,,-77,,20.7,,-70,Sucrose,308,ACSF - 2mM Ca; 1mM Mg,ACSF - 2mM Ca; 1mM Mg,305,longitudinal ,Dorsal CA1,250,35,20250408,20250408_c1
4082025,c2,,WT,12,Female,300 ms unitary Control; 300 ms unitary Gabazine; Plateaus Gabazine + Plateaus GIRK Antagonist (Full GIRK Experiment) ,"Yes: [Unitary Gabazine, plateau, plateau ETX]",Yes,"{channel_1: perforant, channel_2: schaffer}",ISI_times_dict_newer,"{Gabazine: sweep_11, ETX: sweep_14} ",Theta_Burst_MCIII_new_edited,10_M Gabazine washed in first; then 500_M ETX washed in next,,-72,,20.2,,-70,Sucrose,308,ACSF - 2mM Ca; 1mM Mg,ACSF - 2mM Ca; 1mM Mg,305,longitudinal ,Dorsal CA1,250,35,20250408,20250408_c2
4092025,c1,,WT,12,Female,300 ms unitary Control; 300 ms unitary Gabazine; Plateaus Gabazine + Plateaus GIRK Antagonist (Full GIRK Experiment) ,"Yes: [Unitary Gabazine, plateau, plateau ETX]",Yes,"{channel_1: perforant, channel_2: schaffer}",ISI_times_dict_newer,"{Gabazine: sweep_10, ETX: sweep_13}",Theta_Burst_MCIII_new_edited,10_M Gabazine washed in first; then 500_M ETX washed in next,,-72,,25.61,,-70,Sucrose,308,ACSF - 2mM Ca; 1mM Mg,ACSF - 2mM Ca; 1mM Mg,305,longitudinal ,Dorsal CA1,250,35,20250409,20250409_c1
4092025,c2,,WT,12,Female,300 ms unitary Control; 300 ms unitary Gabazine; Plateaus Gabazine + Plateaus GIRK Antagonist (Full GIRK Experiment) ,"Yes: [Unitary Gabazine, plateau, plateau ETX]",Yes,"{channel_1: perforant, channel_2: schaffer}",ISI_times_dict_newer,"{Gabazine: sweep_10, ETX: sweep_13}",Theta_Burst_MCIII_new_edited,10_M Gabazine washed in first; then 500_M ETX washed in next,,-55,,39,,-70,Sucrose,308,ACSF - 2mM Ca; 1mM Mg,ACSF - 2mM Ca; 1mM Mg,305,longitudinal ,Dorsal CA1,250,35,20250409,20250409_c2
4282025,c1,,WT,7,Male ,300 ms unitary Control; 300 ms unitary Gabazine; Plateaus Gabazine + Plateaus GIRK Antagonist (Full GIRK Experiment) ,"Yes: [Unitary Gabazine, plateau, plateau ETX]",Yes,"{channel_1: perforant, channel_2: schaffer}",ISI_times_dict_newer,"{Gabazine: sweep_12, ETX: sweep_15}",Theta_Burst_MCIII_new_edited,10_M Gabazine washed in first; then 500_M ETX washed in next,,-69,,23.09,,-70,Sucrose,309,ACSF - 2mM Ca; 1mM Mg,ACSF - 2mM Ca; 1mM Mg,306,longitudinal ,Dorsal CA1,250,35,20250428,20250428_c1
4282025,c2,,WT,7,Male ,300 ms unitary Control; 300 ms unitary Gabazine; Plateaus Gabazine + Plateaus GIRK Antagonist (Full GIRK Experiment) ,"Yes: [Unitary Gabazine, plateau, plateau ETX]",Yes,"{channel_1: perforant, channel_2: schaffer}",ISI_times_dict_newer,"{Gabazine: sweep_14, ETX: sweep_18}",Theta_Burst_MCIII_new_edited,10_M Gabazine washed in first; then 500_M ETX washed in next,,-62,,30.45,,-70,Sucrose,309,ACSF - 2mM Ca; 1mM Mg,ACSF - 2mM Ca; 1mM Mg,306,longitudinal ,Dorsal CA1,250,35,20250428,20250428_c2
4292025,c2,,WT,7,Female,300 ms unitary Control; 300 ms unitary Gabazine; Plateaus Gabazine + Plateaus GIRK Antagonist (Full GIRK Experiment) ,"Yes: [Unitary Gabazine, plateau, plateau ETX]",Yes,"{channel_1: perforant, channel_2: schaffer}",ISI_times_dict_newer,"{Gabazine: sweep_5, ETX: sweep_9}",Theta_Burst_MCIII_new_edited,10_M Gabazine washed in first; then 500_M ETX washed in next,,-75,,27,,-70,Sucrose,309,ACSF - 2mM Ca; 1mM Mg,ACSF - 2mM Ca; 1mM Mg,306,longitudinal ,Dorsal CA1,250,35,20250429,20250429_c2
4292025,c3,,WT,7,Female,300 ms unitary Control; 300 ms unitary Gabazine; Plateaus Gabazine + Plateaus GIRK Antagonist (Full GIRK Experiment) ,"Yes: [Unitary Gabazine, plateau, plateau ETX]",Yes,"{channel_1: perforant, channel_2: schaffer}",ISI_times_dict_newer,"{Gabazine: sweep_10, ETX: sweep_13}",Theta_Burst_MCIII_new_edited,10_M Gabazine washed in first; then 500_M ETX washed in next,,-67,,41.18,,-70,Sucrose,309,ACSF - 2mM Ca; 1mM Mg,ACSF - 2mM Ca; 1mM Mg,306,longitudinal ,Dorsal CA1,250,35,20250429,20250429_c3
5062025,c1,,GNB1,8,Male,300 ms unitary Control; 300 ms unitary Gabazine; Plateaus Gabazine ,No: Input resistance dropped significantly - below 50 mOhms,,,,,,10_M Gabazine ,,-75,,25.97,,-70,Sucrose,309,ACSF - 2mM Ca; 1mM Mg,ACSF - 2mM Ca; 1mM Mg,304,longitudinal ,Dorsal CA1,250,35,20250506,20250506_c1
5062025,c2,,GNB1,8,Male,300 ms unitary Control; 300 ms unitary Gabazine; Plateaus Gabazine + Plateaus GIRK Antagonist (Full GIRK Experiment) ,"Yes: [Unitary Gabazine, plateau, plateau ETX]",Yes,"{channel_1: perforant, channel_2: schaffer}",ISI_times_dict_newer,"{Gabazine: sweep_11, ETX: sweep_14} ",Theta_Burst_MCIII_new_edited,10_M Gabazine washed in first; then 500_M ETX washed in next,,-78,,31.75,,-70,Sucrose,309,ACSF - 2mM Ca; 1mM Mg,ACSF - 2mM Ca; 1mM Mg,304,longitudinal ,Dorsal CA1,250,35,20250506,20250506_c2
5072025,c1,,GNB1,8,Female,300 ms unitary Control; 300 ms unitary Gabazine; Plateaus Gabazine + Plateaus GIRK Antagonist (Full GIRK Experiment) ,"Yes: [Unitary Gabazine, plateau, plateau ETX]",Yes,"{channel_1: perforant, channel_2: schaffer}",ISI_times_dict_newer,"{Gabazine: sweep_10, ETX: sweep_13}",Theta_Burst_MCIII_new_edited,10_M Gabazine washed in first; then 500_M ETX washed in next,,-74,,21.01,,-70,Sucrose,309,ACSF - 2mM Ca; 1mM Mg,ACSF - 2mM Ca; 1mM Mg,304,longitudinal ,Dorsal CA1,250,35,20250507,20250507_c1
5072025,c2,,GNB1,8,Female,300 ms unitary Control; 300 ms unitary Gabazine; Plateaus Gabazine + Plateaus GIRK Antagonist (Full GIRK Experiment) ,"Yes: [Unitary Gabazine, plateau, plateau ETX]",Yes,"{channel_1: perforant, channel_2: schaffer}",ISI_times_dict_newer,"{Gabazine: sweep_11, ETX: sweep_15} ",Theta_Burst_MCIII_new_edited,10_M Gabazine washed in first; then 500_M ETX washed in next,,-70,,38.77,,-70,Sucrose,309,ACSF - 2mM Ca; 1mM Mg,ACSF - 2mM Ca; 1mM Mg,304,longitudinal ,Dorsal CA1,250,35,20250507,20250507_c2
5142025,c1,,GNB1,9,Female,300 ms unitary Control; 300 ms unitary Gabazine; Plateaus Gabazine ,"Yes: [Unitary Gabazine, plateau]",Yes,"{channel_1: perforant, channel_2: schaffer}",ISI_times_dict_newer,{Gabazine: sweep_9} ,Theta_Burst_MCIII_new_edited,10_M Gabazine ,,-76,,14.63,,-70,Sucrose,309,ACSF - 2mM Ca; 1mM Mg,ACSF - 2mM Ca; 1mM Mg,306,longitudinal ,Dorsal CA1,250,35,20250514,20250514_c1
5142025,c2,,GNB1,9,Female,300 ms unitary Control; 300 ms unitary Gabazine; Plateaus Gabazine + Plateaus GIRK Antagonist (Full GIRK Experiment) ,"Yes: [Unitary Gabazine, plateau, plateau ETX]",Yes,"{channel_1: perforant, channel_2: schaffer}",ISI_times_dict_newer,"{Gabazine: sweep_12, ETX: sweep_15}",Theta_Burst_MCIII_new_edited,10_M Gabazine washed in first; then 500_M ETX washed in next,,-71,,31.01,,-70,Sucrose,309,ACSF - 2mM Ca; 1mM Mg,ACSF - 2mM Ca; 1mM Mg,306,longitudinal ,Dorsal CA1,250,35,20250514,20250514_c2
5142025,c3,,GNB1,9,Female,300 ms unitary Control; 300 ms unitary Gabazine; Plateaus Gabazine + Plateaus GIRK Antagonist (Full GIRK Experiment) ,"Yes: [Unitary Gabazine, plateau, plateau ETX]",Yes,"{channel_1: perforant, channel_2: schaffer}",ISI_times_dict_newer,"{Gabazine: sweep_10, ETX: sweep_13}",Theta_Burst_MCIII_new_edited,10_M Gabazine washed in first; then 500_M ETX washed in next,,-75,,18.83,,-70,Sucrose,309,ACSF - 2mM Ca; 1mM Mg,ACSF - 2mM Ca; 1mM Mg,306,longitudinal ,Dorsal CA1,250,35,20250514,20250514_c3
5232025,c1,,GNB1,7,Male ,300 ms unitary Control; 300 ms unitary Gabazine; Plateaus Gabazine ,No : Recording too noisy - input resistance too low,,,,,,10_M Gabazine ,,-70,,26.38,,-70,Sucrose,310,ACSF - 2mM Ca; 1mM Mg,ACSF - 2mM Ca; 1mM Mg,306,longitudinal ,Dorsal CA1,250,35,20250523,20250523_c1
5232025,c2,,GNB1,7,Male,300 ms unitary Control; 300 ms unitary Gabazine; Plateaus Gabazine + Plateaus GIRK Antagonist (Full GIRK Experiment) ,"Yes: [Unitary Gabazine, plateau, plateau ETX]",Yes,"{channel_1: perforant, channel_2: schaffer}",ISI_times_dict_newer,"{Gabazine: sweep_12, ETX: sweep_15}",Theta_Burst_MCIII_new_edited,10_M Gabazine washed in first; then 500_M ETX washed in next,,-66,,44.69,,-70,Sucrose,310,ACSF - 2mM Ca; 1mM Mg,ACSF - 2mM Ca; 1mM Mg,306,longitudinal ,Dorsal CA1,250,35,20250523,20250523_c2
5232025,c3,,GNB1,7,Male,300 ms unitary Control; 300 ms unitary Gabazine; Plateaus Gabazine + Plateaus GIRK Antagonist (Full GIRK Experiment) ,"Yes: [Unitary Gabazine, plateau, plateau ETX]",Yes,"{channel_1: perforant, channel_2: schaffer}",ISI_times_dict_newer,"{Gabazine: sweep_8, ETX:  sweep_11} ",Theta_Burst_MCIII_new_edited,10_M Gabazine washed in first; then 500_M ETX washed in next,,-63,,20.89,,-70,Sucrose,310,ACSF - 2mM Ca; 1mM Mg,ACSF - 2mM Ca; 1mM Mg,306,longitudinal ,Dorsal CA1,250,35,20250523,20250523_c3
6052025,c2,,WT,12,Female,300 ms unitary Control; 300 ms unitary Gabazine; Plateaus Gabazine + Plateaus GIRK Agonist (Full GIRK Experiment) ,"Yes: [Unitary Gabazine, plateau, plateau ETX]",Yes,"{channel_1: perforant, channel_2: schaffer}",ISI_times_dict_newer,"{Gabazine: sweep_10, ML297: sweep_13} ",Theta_Burst_MCIII_new_edited,10_M Gabazine washed in first; then 10_M ML297 washed in next,,-67,,45,,-70,Sucrose,310,ACSF - 2mM Ca; 1mM Mg,ACSF - 2mM Ca; 1mM Mg,304,longitudinal ,Dorsal CA1,250,35,20250605,20250605_c2
6052025,c3,,WT,12,Female,300 ms unitary Control; 300 ms unitary Gabazine; Plateaus Gabazine + Plateaus GIRK Agonist (Full GIRK Experiment) ,"Yes: [Unitary Gabazine, plateau, plateau ETX]",Yes,"{channel_1: perforant, channel_2: schaffer}",ISI_times_dict_newer,"{Gabazine: sweep_10, ML297: sweep_14} ",Theta_Burst_MCIII_new_edited,10_M Gabazine washed in first; then 10_M ML297 washed in next,,-74,,20.16,,-70,Sucrose,310,ACSF - 2mM Ca; 1mM Mg,ACSF - 2mM Ca; 1mM Mg,304,longitudinal ,Dorsal CA1,250,35,20250605,20250605_c3
6062025,c1,,GNB1,9,Male,300 ms unitary Control; 300 ms unitary Gabazine; Plateaus Gabazine + Plateaus GIRK Antagonist (Full GIRK Experiment) ,"Yes: [Unitary Gabazine, plateau, plateau ETX]",Yes,"{channel_1: perforant, channel_2: schaffer}",ISI_times_dict_newer,"{Gabazine: sweep_9, ETX:  sweep_12} ",Theta_Burst_MCIII_new_edited,10_M Gabazine washed in first; then 500_M ETX washed in next,,-71,,37.24,,-70,Sucrose,310,ACSF - 2mM Ca; 1mM Mg,ACSF - 2mM Ca; 1mM Mg,304,longitudinal ,Dorsal CA1,250,35,20250606,20250606_c1
6062025,c2,,GNB1,9,Male,300 ms unitary Control; 300 ms unitary Gabazine; Plateaus Gabazine + Plateaus GIRK Antagonist (Full GIRK Experiment) ,"Yes: [Unitary Gabazine, plateau, plateau ETX]",Yes,"{channel_1: perforant, channel_2: schaffer}",ISI_times_dict_newer,"{Gabazine: sweep_10, ETX:  sweep_13} ",Theta_Burst_MCIII_new_edited,10_M Gabazine washed in first; then 500_M ETX washed in next,,-73,,16.17,,-70,Sucrose,310,ACSF - 2mM Ca; 1mM Mg,ACSF - 2mM Ca; 1mM Mg,304,longitudinal ,Dorsal CA1,250,35,20250606,20250606_c2
6112025,c2,,WT,10,Male,Coarse-FI; Full E/I Gabazine + Plateaus;   Full E/I Gabazine + MCPG + Plateaus,No: Input resistance dropped significantly - below 50 mOhms,,,,,Theta_Burst_MCIII_new_edited,10_M Gabazine washed in first; then 250_M MCPG washed in next,,-74,,26.51,,-70,Sucrose,310,ACSF - 2mM Ca; 1mM Mg,ACSF - 2mM Ca; 1mM Mg,304,longitudinal ,Dorsal CA1,250,35,20250611,20250611_c2
7032025,c1,,WT,11,Male,Dend-FI (Proximal dendrite Proximal dendrite ~50 microns from soma),Yes: [Dend-FI; Voltage-Sag],,,,,,,,-65,,56.96,,-70,Sucrose,310,ACSF - 2mM Ca; 1mM Mg,ACSF - 2mM Ca; 1mM Mg,304,longitudinal ,Dorsal CA1,250,35,20250703,20250703_c1
7032025,c2,,WT,11,Male,Dend-FI ( Proximal dendrite ~ 100 microns from soma),No: Access Resistance too high,,,,,,,,-65,,120,,-70,Sucrose,310,ACSF - 2mM Ca; 1mM Mg,ACSF - 2mM Ca; 1mM Mg,304,longitudinal ,Dorsal CA1,250,35,20250703,20250703_c2
7032025,c3,,WT,11,Male,Dend-FI; Dend-Voltage-Sag (Proximal dendrite ~ 100 microns from soma),No: Access Resistance too high,,,,,,,,,,,,-70,Sucrose,310,ACSF - 2mM Ca; 1mM Mg,ACSF - 2mM Ca; 1mM Mg,304,longitudinal ,Dorsal CA1,250,35,20250703,20250703_c3
7162025,c1,,WT,9,Female,Dend-FI; Dend-Voltage-Sag with and without Baclofen (Distal dendrite),Yes: [Dend-FI; Voltage-Sag],,,,,,10_M Baclofen washed in ,,-61,,25,,-70,Sucrose,310,ACSF - 2mM Ca; 1mM Mg,ACSF - 2mM Ca; 1mM Mg,304,longitudinal ,Dorsal CA1,250,35,20250716,20250716_c1
7232025,c1,,GNB1,6,Male,Dend-FI; Dend-Voltage-Sag with and without Baclofen (Interneuron dendrite),Yes: [Dend-FI; Voltage-Sag],,,,,,10_M Baclofen washed in ,,-67,,57,,-70,Sucrose,310,ACSF - 2mM Ca; 1mM Mg,ACSF - 2mM Ca; 1mM Mg,304,longitudinal ,Dorsal CA1,250,35,20250723,20250723_c1
7302025,c1,,GNB1,7,Female,Dend-FI; Dend-Voltage-Sag with and without Baclofen (Distal dendrite),No: Bad Bridge Balance Compensation,,,,,,10_M Baclofen washed in ,,-61,,60,,-70,Sucrose,310,ACSF - 2mM Ca; 1mM Mg,ACSF - 2mM Ca; 1mM Mg,304,longitudinal ,Dorsal CA1,250,35,20250730,20250730_c1
8012025,c1,,GNB1,7,Female,Dend-FI; Dend-Voltage-Sag  (Distal dendrite),No: Bad Bridge Balance Compensation,,,,,,,,-67,,22,,-70,Sucrose,310,ACSF - 2mM Ca; 1mM Mg,ACSF - 2mM Ca; 1mM Mg,304,longitudinal ,Dorsal CA1,250,35,20250801,20250801_c1
8052025,c1,,WT,12,Male ,Dend-FI; Dend-Voltage-Sag (Distal dendrite ~ 200 microns from soma),No: Bad Bridge Balance Compensation,,,,,,,,-65,,70,,-70,Sucrose,310,ACSF - 2mM Ca; 1mM Mg,ACSF - 2mM Ca; 1mM Mg,304,longitudinal ,Dorsal CA1,250,35,20250805,20250805_c1
8222025,c1,,WT,10,Male,Dend-FI; Dend-Voltage-Sag with and without Baclofen (Proximal dendrite ~ 100 microns from soma),Yes: [Dend-FI; Voltage-Sag],,,,,,10_M Baclofen washed in ,,-60,,33,,-70,Sucrose,310,ACSF - 2mM Ca; 1mM Mg,ACSF - 2mM Ca; 1mM Mg,304,longitudinal ,Dorsal CA1,250,35,20250822,20250822_c1
9092025,c1,,WT,9,Male,Coarse-FI; Voltage-Sag; Full E/I + E/I with Baclofen + Gabazine + Coarse,"Yes: [Coarse-FI, Voltage-Sag, E/I]",,"{channel_1: stratum oriens, channel_2: }",ISI_times_dict_newer,,,10_M Gabazine washed in first; then 10_M Baclofen + 10_M Gabazine washed in next,,-67,,26.43,,-70,Sucrose,310,ACSF - 2mM Ca; 1mM Mg,ACSF - 2mM Ca; 1mM Mg,304,longitudinal ,Dorsal CA1,250,35,20250909,20250909_c1
9092025,c2,,WT,9,Male,Coarse-FI; Voltage-Sag; Full E/I + E/I with Baclofen + Gabazine + Coarse,"Yes: [Coarse-FI, Voltage-Sag, E/I]",,"{channel_1: stratum oriens, channel_2: }",ISI_times_dict_newer,,,10_M Gabazine washed in first; then 10_M Baclofen + 10_M Gabazine washed in next,,-65,,23.82,,-70,Sucrose,310,ACSF - 2mM Ca; 1mM Mg,ACSF - 2mM Ca; 1mM Mg,304,longitudinal ,Dorsal CA1,250,35,20250909,20250909_c2
9102025,c1,,GNB1,9,Female,Coarse-FI; Voltage-Sag; Full E/I + E/I with Baclofen + Gabazine + Coarse,"Yes: [Coarse-FI, Voltage-Sag, E/I]",,"{channel_1: stratum oriens, channel_2: }",ISI_times_dict_newer,,,10_M Gabazine washed in first; then 10_M Baclofen + 10_M Gabazine washed in next,,-67,,26.08,,-70,Sucrose,310,ACSF - 2mM Ca; 1mM Mg,ACSF - 2mM Ca; 1mM Mg,304,longitudinal ,Dorsal CA1,250,35,20250910,20250910_c1
10142025,c1,,GNB1,7,Female,Coarse-FI; Voltage-Sag ,"Yes: [Coarse-FI, Voltage-Sag]",,,,,,,,-60,,16.5,,-70,Sucrose,310,ACSF - 2mM Ca; 1mM Mg,ACSF - 2mM Ca; 1mM Mg,304,longitudinal ,Dorsal CA1,250,35,20251014,20251014_c1
10142025,c2,,GNB1,7,Female,Coarse-FI; Voltage-Sag; Full E/I + E/I with Baclofen + Gabazine + Coarse,"Yes: [Coarse-FI, Voltage-Sag, E/I]",,"{channel_1: stratum oriens, channel_2: }",ISI_times_dict_newer,,,10_M Gabazine washed in first; then 10_M Baclofen + 10_M Gabazine washed in next,,-65,,38,,-70,Sucrose,310,ACSF - 2mM Ca; 1mM Mg,ACSF - 2mM Ca; 1mM Mg,304,longitudinal ,Dorsal CA1,250,35,20251014,20251014_c2
10142025,c3,,GNB1,7,Female,Coarse-FI; Voltage-Sag; Full E/I + E/I with Baclofen + Gabazine + Coarse,"Yes: [Coarse-FI, Voltage-Sag, E/I]",,"{channel_1: stratum oriens, channel_2: }",ISI_times_dict_newer,,,10_M Gabazine washed in first; then 10_M Baclofen + 10_M Gabazine washed in next,,-67,,20,,-70,Sucrose,310,ACSF - 2mM Ca; 1mM Mg,ACSF - 2mM Ca; 1mM Mg,304,longitudinal ,Dorsal CA1,250,35,20251014,20251014_c3
10152025,c1,,WT,9,Male,Coarse-FI; Voltage-Sag; Full E/I + E/I with Baclofen + Gabazine + Coarse,"Yes: [Coarse-FI, Voltage-Sag, E/I]",,"{channel_1: stratum oriens, channel_2: }",ISI_times_dict_newer,,,10_M Gabazine washed in first; then 10_M Baclofen + 10_M Gabazine washed in next,,-71,,29,,-70,Sucrose,310,ACSF - 2mM Ca; 1mM Mg,ACSF - 2mM Ca; 1mM Mg,304,longitudinal ,Dorsal CA1,250,35,20251015,20251015_c1
10152025,c2,,WT,9,Male,Coarse-FI,Yes: [Coarse-FI],,,,,,,,-70,,25,,-70,Sucrose,310,ACSF - 2mM Ca; 1mM Mg,ACSF - 2mM Ca; 1mM Mg,304,longitudinal ,Dorsal CA1,250,35,20251015,20251015_c2
10152025,c3,,WT,9,Male,Coarse-FI; Voltage-Sag; Full E/I + E/I with Baclofen + Gabazine + Coarse,"Yes: [Coarse-FI, Voltage-Sag, E/I]",,"{channel_1: stratum oriens, channel_2: }",ISI_times_dict_newer,,,10_M Gabazine washed in first; then 10_M Baclofen + 10_M Gabazine washed in next,,-64,,25,,-70,Sucrose,310,ACSF - 2mM Ca; 1mM Mg,ACSF - 2mM Ca; 1mM Mg,304,longitudinal ,Dorsal CA1,250,35,20251015,20251015_c3
10312025,c1,,GNB1,12,Male,Coarse-FI; Coarse-FI + Baclofen,Yes: [Coarse-FI],,,,,,10_M Baclofen washed in ,,-67,,20,,-70,Sucrose,310,ACSF - 2mM Ca; 1mM Mg,ACSF - 2mM Ca; 1mM Mg,306,longitudinal ,Dorsal CA1,250,35,20251031,20251031_c1
10312025,c2,,GNB1,12,Male,Coarse-FI; Coarse-FI + Baclofen,Yes: [Coarse-FI],,,,,,10_M Baclofen washed in ,,-70,,20,,-70,Sucrose,310,ACSF - 2mM Ca; 1mM Mg,ACSF - 2mM Ca; 1mM Mg,306,longitudinal ,Dorsal CA1,250,35,20251031,20251031_c2
10312025,c3,,GNB1,12,Male,Coarse-FI; Coarse-FI + Baclofen,Yes: [Coarse-FI],,,,,,10_M Baclofen washed in ,,-70,,20,,-70,Sucrose,310,ACSF - 2mM Ca; 1mM Mg,ACSF - 2mM Ca; 1mM Mg,306,longitudinal ,Dorsal CA1,250,35,20251031,20251031_c3
11062025,c1,,WT,12,Male,Dend-FI; Dend-Voltage-Sag (Proximal dendrite ~ 100 microns from soma),Yes: [Dend-FI; Voltage-Sag],,,,,,,,-68,,75,,-70,Sucrose,310,ACSF - 2mM Ca; 1mM Mg,ACSF - 2mM Ca; 1mM Mg,307,longitudinal ,Dorsal CA1,250,35,20251106,20251106_c1
11062025,c2,,WT,12,Male,Dend-FI; Dend-Voltage-Sag (Proximal dendrite ~ 200 microns from soma),Yes: [Dend-FI],,,,,,,,-70,,38,,-70,Sucrose,310,ACSF - 2mM Ca; 1mM Mg,ACSF - 2mM Ca; 1mM Mg,307,longitudinal ,Dorsal CA1,250,35,20251106,20251106_c2
11112025,c1,,WT,12,Male,Coarse-FI; Coarse-FI + Baclofen,Yes: [Coarse-FI],,,,,,10_M Baclofen washed in ,,-73,,25,,-70,Sucrose,310,ACSF - 2mM Ca; 1mM Mg,ACSF - 2mM Ca; 1mM Mg,307,longitudinal ,Dorsal CA1,250,35,20251111,20251111_c1
11112025,c2,,WT,12,Male,Coarse-FI; Coarse-FI + Baclofen,Yes: [Coarse-FI],,,,,,10_M Baclofen washed in ,,-73,,15,,-70,Sucrose,310,ACSF - 2mM Ca; 1mM Mg,ACSF - 2mM Ca; 1mM Mg,307,longitudinal ,Dorsal CA1,250,35,20251111,20251111_c2
11112025,c3,,WT,12,Male,Coarse-FI; Coarse-FI + Baclofen,Yes: [Coarse-FI],,,,,,10_M Baclofen washed in ,,-65,,31,,-70,Sucrose,310,ACSF - 2mM Ca; 1mM Mg,ACSF - 2mM Ca; 1mM Mg,307,longitudinal ,Dorsal CA1,250,35,20251111,20251111_c3
12092025,c1,,GNB1,10,Female,Coarse-FI + Gabazine; Coarse-FI + Baclofen & Gabazine,Yes: [Coarse-FI],,,,,,10_M Gabazine washed in first; then 10_M Baclofen + 10_M Gabazine washed in next,0,-70,,34,No,-70,Sucrose,310,ACSF - 2mM Ca; 1mM Mg,ACSF - 2mM Ca; 1mM Mg,307,longitudinal ,Dorsal CA1,250,35,20251209,20251209_c1
12092025,c2,,GNB1,10,Female,Coarse-FI + Gabazine; Coarse-FI + Baclofen & Gabazine,Yes: [Coarse-FI],,,,,,10_M Gabazine washed in first; then 10_M Baclofen + 10_M Gabazine washed in next,3,-68,,35,No,-70,Sucrose,310,ACSF - 2mM Ca; 1mM Mg,ACSF - 2mM Ca; 1mM Mg,307,longitudinal ,Dorsal CA1,250,35,20251209,20251209_c2
1072026,c1,,GNB1,12,Male,E/I Up to 10 Control,Yes: [E/I],,"{channel_1: stratum oriens, channel_2: }",ISI_times_dict_newer,,,,,-65,,25,No,-70,Sucrose,310,ACSF - 2mM Ca; 1mM Mg,ACSF - 2mM Ca; 1mM Mg,307,longitudinal ,Dorsal CA1,250,35,20260107,20260107_c1
1132026,c1,,GNB1,12,Male,E/I Up to 10 Control,Yes: [E/I],,"{channel_1: stratum oriens, channel_2: }",ISI_times_dict_newer,,,,,-66,,28.06,No,-70,Sucrose,310,ACSF - 2mM Ca; 1mM Mg,ACSF - 2mM Ca; 1mM Mg,307,longitudinal ,Dorsal CA1,250,35,20260113,20260113_c1
1132026,c2,,GNB1,12,Male,Full E/I,Yes: [E/I],,"{channel_1: stratum oriens, channel_2: }",ISI_times_dict_newer,,,10_M Gabazine washed in,,-67,,28,No,-70,Sucrose,310,ACSF - 2mM Ca; 1mM Mg,ACSF - 2mM Ca; 1mM Mg,307,longitudinal ,Dorsal CA1,250,35,20260113,20260113_c2
1152026,c1,,WT,12,Male,Full E/I,Yes: [E/I],,"{channel_1: stratum oriens, channel_2: }",ISI_times_dict_newer,,,10_M Gabazine washed in,,-62,,24.65,No,-70,Sucrose,310,ACSF - 2mM Ca; 1mM Mg,ACSF - 2mM Ca; 1mM Mg,307,longitudinal ,Dorsal CA1,250,35,20260115,20260115_c1
1152026,c2,,WT,12,Male,Full E/I ;Coarse-FI + Gabazine; Coarse-FI + Baclofen & Gabazine,"Yes: [Coarse-FI, E/I]",,"{channel_1: stratum oriens, channel_2: }",ISI_times_dict_newer,,,10_M Gabazine washed in first; then 10_M Baclofen + 10_M Gabazine washed in next,7,-72,,34.46,No,-70,Sucrose,310,ACSF - 2mM Ca; 1mM Mg,ACSF - 2mM Ca; 1mM Mg,307,longitudinal ,Dorsal CA1,250,35,20260115,20260115_c2
1222026,c1,,GNB1,10,Male ,Coarse-FI; Voltage-Sag; E/I Up to 10 Control,"Yes: [Coarse-FI, Voltage-Sag, E/I]",,"{channel_1: stratum oriens, channel_2: }",ISI_times_dict_newer,,,,,-75,,12.98,No,-70,Sucrose,310,ACSF - 2mM Ca; 1mM Mg,ACSF - 2mM Ca; 1mM Mg,305,longitudinal ,Dorsal CA1,250,35,20260122,20260122_c1
1222026,c2,,GNB1,10,Male ,Coarse-FI; Voltage-Sag; Full E/I ,"Yes: [Coarse-FI, Voltage-Sag, E/I]",,"{channel_1: stratum oriens, channel_2: }",ISI_times_dict_newer,,,10_M Gabazine washed in,,-61,,28,No,-70,Sucrose,310,ACSF - 2mM Ca; 1mM Mg,ACSF - 2mM Ca; 1mM Mg,305,longitudinal ,Dorsal CA1,250,35,20260122,20260122_c2
1222026,c3,,GNB1,10,Male ,Coarse-FI; Voltage-Sag; Full E/I; Coarse-FI + Gabazine; Coarse-FI + Baclofen & Gabazine,"Yes: [Coarse-FI, Voltage-Sag, E/I]",,"{channel_1: stratum oriens, channel_2: }",ISI_times_dict_newer,,,10_M Gabazine washed in first; then 10_M Baclofen + 10_M Gabazine washed in next,1,-69,,20,No,-70,Sucrose,310,ACSF - 2mM Ca; 1mM Mg,ACSF - 2mM Ca; 1mM Mg,305,longitudinal ,Dorsal CA1,250,35,20260122,20260122_c3
1222026,c4,,GNB1,10,Male ,Full E/I - Coarse-FI + Gabazine (only),"Yes: [Coarse-FI, E/I]",,"{channel_1: stratum oriens, channel_2: }",ISI_times_dict_newer,,,10_M Gabazine washed in first,0,-64,,19.17,No,-70,Sucrose,310,ACSF - 2mM Ca; 1mM Mg,ACSF - 2mM Ca; 1mM Mg,305,longitudinal ,Dorsal CA1,250,35,20260122,20260122_c4
1272026,c1,,WT,11,Male,Full E/I; Coarse-FI + Gabazine; Coarse-FI + Baclofen & Gabazine,"Yes: [Coarse-FI, E/I]",,"{channel_1: stratum oriens, channel_2: }",ISI_times_dict_newer,,,10_M Gabazine washed in first; then 10_M Baclofen + 10_M Gabazine washed in next,4,-71,,22.63,No,-70,Sucrose,310,ACSF - 2mM Ca; 1mM Mg,ACSF - 2mM Ca; 1mM Mg,305,longitudinal ,Dorsal CA1,250,35,20260127,20260127_c1
1272026,c2,,WT,11,Male,E/I Up to 10 Control; Coarse-FI + Gabazine; Coarse-FI + Baclofen & Gabazine,"Yes: [Coarse-FI, E/I]",,"{channel_1: stratum oriens, channel_2: }",ISI_times_dict_newer,,,10_M Gabazine washed in first; then 10_M Baclofen + 10_M Gabazine washed in next,5,-68,,24.5,No,-70,Sucrose,310,ACSF - 2mM Ca; 1mM Mg,ACSF - 2mM Ca; 1mM Mg,305,longitudinal ,Dorsal CA1,250,35,20260127,20260127_c2
1272026,c3,,WT,11,Male,Full E/I; Coarse-FI + Gabazine; Coarse-FI + Baclofen & Gabazine,"Yes: [Coarse-FI, E/I]",,"{channel_1: stratum oriens, channel_2: }",ISI_times_dict_newer,,,10_M Gabazine washed in first; then 10_M Baclofen + 10_M Gabazine washed in next,9,-66,,17.65,No,-70,Sucrose,310,ACSF - 2mM Ca; 1mM Mg,ACSF - 2mM Ca; 1mM Mg,305,longitudinal ,Dorsal CA1,250,35,20260127,20260127_c3
1272026,c4,,WT,11,Male,Full E/I; Coarse-FI + Gabazine; Coarse-FI + Baclofen & Gabazine,"Yes: [Coarse-FI, E/I]",,"{channel_1: stratum oriens, channel_2: }",ISI_times_dict_newer,,,10_M Gabazine washed in first; then 10_M Baclofen + 10_M Gabazine washed in next,3,-69,,37.9,No,-70,Sucrose,310,ACSF - 2mM Ca; 1mM Mg,ACSF - 2mM Ca; 1mM Mg,305,longitudinal ,Dorsal CA1,250,35,20260127,20260127_c4
1282026,c1,,GNB1,11,Male,Full E/I; Coarse-FI + Gabazine; Coarse-FI + Baclofen & Gabazine,"Yes: [Coarse-FI, E/I]",,"{channel_1: stratum oriens, channel_2: }",ISI_times_dict_newer,,,10_M Gabazine washed in first; then 10_M Baclofen + 10_M Gabazine washed in next,3,-75,,22.35,No,-70,Sucrose,310,ACSF - 2mM Ca; 1mM Mg,ACSF - 2mM Ca; 1mM Mg,305,longitudinal ,Dorsal CA1,250,35,20260128,20260128_c1
2022026,c1,,GNB1,12,Female,Full E/I; Coarse-FI + Gabazine; Coarse-FI + Baclofen & Gabazine,"Yes: [Coarse-FI, E/I]",,"{channel_1: stratum oriens, channel_2: }",ISI_times_dict_newer,,,10_M Gabazine washed in first; then 10_M Baclofen + 10_M Gabazine washed in next,3,-70,,20,No,-70,Sucrose,310,ACSF - 2mM Ca; 1mM Mg,ACSF - 2mM Ca; 1mM Mg,305,longitudinal ,Dorsal CA1,250,35,20260202,20260202_c1
2022026,c2,,GNB1,12,Female,Full E/I; Coarse-FI + Gabazine; Coarse-FI + Baclofen & Gabazine,"Yes: [Coarse-FI, E/I]",,"{channel_1: stratum oriens, channel_2: }",ISI_times_dict_newer,,,10_M Gabazine washed in first; then 10_M Baclofen + 10_M Gabazine washed in next,4,-68,,38,No,-70,Sucrose,310,ACSF - 2mM Ca; 1mM Mg,ACSF - 2mM Ca; 1mM Mg,305,longitudinal ,Dorsal CA1,250,35,20260202,20260202_c2
2022026,c3,,GNB1,12,Female,E/I Up to 10 Control; Coarse-FI + Gabazine,"Yes: [Coarse-FI, E/I]",,"{channel_1: stratum oriens, channel_2: }",ISI_times_dict_newer,,,10_M Gabazine washed in,3,-64,,37,No,-70,Sucrose,310,ACSF - 2mM Ca; 1mM Mg,ACSF - 2mM Ca; 1mM Mg,305,longitudinal ,Dorsal CA1,250,35,20260202,20260202_c3
2042026,c1,,WT,12,Female,Full E/I; Coarse-FI + Gabazine; Coarse-FI + Baclofen & Gabazine,"Yes: [Coarse-FI, E/I]",,"{channel_1: stratum oriens, channel_2: }",ISI_times_dict_newer,,,10_M Gabazine washed in first; then 10_M Baclofen + 10_M Gabazine washed in next,7,-65,,20,No,-70,Sucrose,310,ACSF - 2mM Ca; 1mM Mg,ACSF - 2mM Ca; 1mM Mg,305,longitudinal ,Dorsal CA1,250,35,20260204,20260204_c1
2062024,c1,,WT,12,Male,Full E/I; Coarse-FI + Gabazine; Coarse-FI + Baclofen & Gabazine,"Yes: [Coarse-FI, E/I]",,"{channel_1: stratum oriens, channel_2: }",ISI_times_dict_newer,,,10_M Gabazine washed in first; then 10_M Baclofen + 10_M Gabazine washed in next,7,-70,,22.6,No,-70,Sucrose,310,ACSF - 2mM Ca; 1mM Mg,ACSF - 2mM Ca; 1mM Mg,305,longitudinal ,Dorsal CA1,250,35,20260206,20260206_c1
2062024,c2,,WT,12,Male ,Full E/I; Coarse-FI + Gabazine; Coarse-FI + Baclofen & Gabazine,"Yes: [Coarse-FI, E/I]",,"{channel_1: stratum oriens, channel_2: }",ISI_times_dict_newer,,,10_M Gabazine washed in first; then 10_M Baclofen + 10_M Gabazine washed in next,4,-69,,24,No,-70,Sucrose,310,ACSF - 2mM Ca; 1mM Mg,ACSF - 2mM Ca; 1mM Mg,305,longitudinal ,Dorsal CA1,250,35,20260206,20260206_c2
2062024,c3,,WT,12,Male ,Coarse-FI + Gabazine; Coarse-FI + Baclofen & Gabazine,Yes: [Coarse-FI],,,,,,10_M Gabazine washed in first; then 10_M Baclofen + 10_M Gabazine washed in next,8,-65,,31,No,-70,Sucrose,310,ACSF - 2mM Ca; 1mM Mg,ACSF - 2mM Ca; 1mM Mg,305,longitudinal ,Dorsal CA1,250,35,20260206,20260206_c3